purchase_id,product_id,supplier_id,purchase_date,quantity,unit_cost,expected_delivery_date,actual_delivery_date,warehouse_id
PO00001,P001,S002,2025-01-21,800,217.46,2025-01-31,2025-01-31,W005
PO00002,P001,S020,2025-02-11,1000,197.14,2025-02-26,2025-02-26,W001
PO00003,P001,S002,2025-03-04,1200,217.46,2025-03-14,2025-03-14,W002
PO00004,P001,S002,2025-03-25,1200,217.46,2025-04-04,2025-04-04,W001
PO00005,P001,S002,2025-04-15,800,217.46,2025-04-25,2025-04-25,W002
PO00006,P001,S012,2025-05-06,800,202.72,2025-05-15,2025-05-23,W005
PO00007,P001,S020,2025-05-27,1000,197.14,2025-06-11,2025-06-11,W002
PO00008,P001,S020,2025-06-17,800,197.14,2025-07-02,2025-07-02,W005
PO00009,P001,S020,2025-07-08,1000,197.14,2025-07-23,2025-07-30,W004
PO00010,P001,S002,2025-07-29,1000,217.46,2025-08-08,2025-08-08,W002
PO00011,P001,S002,2025-08-19,1000,217.46,2025-08-29,2025-08-29,W003
PO00012,P001,S002,2025-09-09,1000,217.46,2025-09-19,2025-09-19,W002
PO00013,P001,S020,2025-09-30,1000,197.14,2025-10-15,2025-10-15,W004
PO00014,P001,S020,2025-10-21,1000,197.14,2025-11-05,2025-11-05,W002
PO00015,P001,S012,2025-11-11,1000,202.72,2025-11-20,2025-11-20,W001
PO00016,P001,S020,2025-12-02,800,197.14,2025-12-17,2025-12-17,W005
PO00017,P001,S020,2025-12-23,1000,197.14,2026-01-07,2026-01-07,W003
PO00018,P002,S012,2025-01-16,700,101.24,2025-01-25,2025-01-25,W003
PO00019,P002,S012,2025-02-09,800,101.24,2025-02-18,2025-02-18,W001
PO00020,P002,S012,2025-03-05,500,101.24,2025-03-14,2025-03-14,W002
PO00021,P002,S012,2025-03-29,600,101.24,2025-04-07,2025-04-08,W005
PO00022,P002,S012,2025-04-22,600,101.24,2025-05-01,2025-05-02,W002
PO00023,P002,S012,2025-05-16,800,101.24,2025-05-25,2025-05-27,W001
PO00024,P002,S012,2025-06-09,600,101.24,2025-06-18,2025-06-28,W001
PO00025,P002,S012,2025-07-03,700,101.24,2025-07-12,2025-07-14,W003
PO00026,P002,S012,2025-07-27,700,101.24,2025-08-05,2025-08-05,W003
PO00027,P002,S012,2025-08-20,700,101.24,2025-08-29,2025-09-07,W002
PO00028,P002,S012,2025-09-13,700,101.24,2025-09-22,2025-09-22,W005
PO00029,P002,S012,2025-10-07,800,101.24,2025-10-16,2025-10-16,W003
PO00030,P002,S012,2025-10-31,600,101.24,2025-11-09,2025-11-13,W005
PO00031,P002,S012,2025-11-24,800,101.24,2025-12-03,2025-12-03,W005
PO00032,P002,S012,2025-12-18,600,101.24,2025-12-27,2025-12-27,W005
PO00033,P003,S012,2025-01-16,75,183.8,2025-01-25,2025-01-31,W004
PO00034,P003,S012,2025-02-06,75,183.8,2025-02-15,2025-02-15,W004
PO00035,P003,S005,2025-02-27,50,206.76,2025-03-11,2025-03-11,W005
PO00036,P003,S005,2025-03-20,75,206.76,2025-04-01,2025-04-01,W004
PO00037,P003,S005,2025-04-10,50,206.76,2025-04-22,2025-04-22,W004
PO00038,P003,S005,2025-05-01,50,206.76,2025-05-13,2025-05-13,W004
PO00039,P003,S012,2025-05-22,75,183.8,2025-05-31,2025-05-31,W005
PO00040,P003,S005,2025-06-12,50,206.76,2025-06-24,2025-06-24,W001
PO00041,P003,S005,2025-07-03,75,206.76,2025-07-15,2025-07-15,W001
PO00042,P003,S012,2025-07-24,75,183.8,2025-08-02,2025-08-02,W001
PO00043,P003,S012,2025-08-14,75,183.8,2025-08-23,2025-08-23,W004
PO00044,P003,S005,2025-09-04,75,206.76,2025-09-16,2025-09-16,W003
PO00045,P003,S012,2025-09-25,75,183.8,2025-10-04,2025-10-04,W001
PO00046,P003,S012,2025-10-16,75,183.8,2025-10-25,2025-10-25,W004
PO00047,P003,S012,2025-11-06,75,183.8,2025-11-15,2025-11-15,W001
PO00048,P003,S005,2025-11-27,50,206.76,2025-12-09,2025-12-09,W004
PO00049,P003,S012,2025-12-18,75,183.8,2025-12-27,2025-12-27,W001
PO00050,P003,S005,2026-01-08,75,206.76,2026-01-20,2026-01-20,W004
PO00051,P004,S014,2025-01-19,400,9.19,2025-02-08,2025-02-08,W003
PO00052,P004,S019,2025-02-09,550,8.83,2025-02-20,2025-02-20,W004
PO00053,P004,S014,2025-03-02,500,9.19,2025-03-22,2025-03-22,W004
PO00054,P004,S013,2025-03-23,500,8.99,2025-03-27,2025-03-27,W001
PO00055,P004,S013,2025-04-13,550,8.99,2025-04-17,2025-04-17,W004
PO00056,P004,S013,2025-05-04,450,8.99,2025-05-08,2025-05-08,W002
PO00057,P004,S013,2025-05-25,400,8.99,2025-05-29,2025-05-31,W002
PO00058,P004,S014,2025-06-15,550,9.19,2025-07-05,2025-07-05,W004
PO00059,P004,S013,2025-07-06,650,8.99,2025-07-10,2025-07-10,W002
PO00060,P004,S013,2025-07-27,500,8.99,2025-07-31,2025-08-02,W003
PO00061,P004,S014,2025-08-17,500,9.19,2025-09-06,2025-09-06,W004
PO00062,P004,S013,2025-09-07,500,8.99,2025-09-11,2025-09-16,W003
PO00063,P004,S014,2025-09-28,500,9.19,2025-10-18,2025-10-18,W001
PO00064,P004,S013,2025-10-19,450,8.99,2025-10-23,2025-10-23,W002
PO00065,P004,S019,2025-11-09,500,8.83,2025-11-20,2025-11-20,W004
PO00066,P004,S019,2025-11-30,650,8.83,2025-12-11,2025-12-11,W002
PO00067,P004,S019,2025-12-21,550,8.83,2026-01-01,2026-01-01,W004
PO00068,P005,S018,2025-01-26,450,89.34,2025-02-13,2025-02-13,W004
PO00069,P005,S016,2025-02-19,550,89.8,2025-02-22,2025-02-22,W001
PO00070,P005,S018,2025-03-15,475,89.34,2025-04-02,2025-04-02,W003
PO00071,P005,S020,2025-04-08,525,88.23,2025-04-23,2025-04-23,W005
PO00072,P005,S020,2025-05-02,425,88.23,2025-05-17,2025-05-17,W004
PO00073,P005,S020,2025-05-26,500,88.23,2025-06-10,2025-06-10,W005
PO00074,P005,S020,2025-06-19,400,88.23,2025-07-04,2025-07-04,W005
PO00075,P005,S020,2025-07-13,575,88.23,2025-07-28,2025-07-28,W004
PO00076,P005,S016,2025-08-06,550,89.8,2025-08-09,2025-08-15,W004
PO00077,P005,S018,2025-08-30,475,89.34,2025-09-17,2025-09-17,W002
PO00078,P005,S020,2025-09-23,450,88.23,2025-10-08,2025-10-18,W003
PO00079,P005,S020,2025-10-17,550,88.23,2025-11-01,2025-11-01,W001
PO00080,P005,S018,2025-11-10,525,89.34,2025-11-28,2025-11-28,W003
PO00081,P005,S016,2025-12-04,525,89.8,2025-12-07,2025-12-07,W003
PO00082,P005,S018,2025-12-28,550,89.34,2026-01-15,2026-01-15,W003
PO00083,P006,S009,2025-01-25,600,86.51,2025-02-03,2025-02-03,W002
PO00084,P006,S009,2025-02-17,550,86.51,2025-02-26,2025-02-26,W002
PO00085,P006,S017,2025-03-12,550,85.22,2025-03-17,2025-03-17,W003
PO00086,P006,S009,2025-04-04,600,86.51,2025-04-13,2025-04-13,W003
PO00087,P006,S017,2025-04-27,650,85.22,2025-05-02,2025-05-02,W002
PO00088,P006,S009,2025-05-20,450,86.51,2025-05-29,2025-05-29,W002
PO00089,P006,S009,2025-06-12,650,86.51,2025-06-21,2025-06-21,W005
PO00090,P006,S009,2025-07-05,650,86.51,2025-07-14,2025-07-14,W005
PO00091,P006,S009,2025-07-28,750,86.51,2025-08-06,2025-08-06,W005
PO00092,P006,S009,2025-08-20,650,86.51,2025-08-29,2025-08-29,W002
PO00093,P006,S017,2025-09-12,650,85.22,2025-09-17,2025-09-17,W005
PO00094,P006,S009,2025-10-05,550,86.51,2025-10-14,2025-10-14,W004
PO00095,P006,S017,2025-10-28,600,85.22,2025-11-02,2025-11-02,W005
PO00096,P006,S017,2025-11-20,700,85.22,2025-11-25,2025-11-25,W002
PO00097,P006,S017,2025-12-13,450,85.22,2025-12-18,2025-12-21,W003
PO00098,P006,S009,2026-01-05,750,86.51,2026-01-14,2026-01-14,W005
PO00099,P007,S013,2025-01-23,150,157.89,2025-01-27,2025-01-27,W004
PO00100,P007,S012,2025-02-14,240,145.07,2025-02-23,2025-02-23,W001
PO00101,P007,S012,2025-03-08,210,145.07,2025-03-17,2025-03-17,W001
PO00102,P007,S018,2025-03-30,180,154.16,2025-04-17,2025-04-17,W001
PO00103,P007,S013,2025-04-21,230,157.89,2025-04-25,2025-04-25,W005
PO00104,P007,S012,2025-05-13,250,145.07,2025-05-22,2025-05-22,W001
PO00105,P007,S018,2025-06-04,180,154.16,2025-06-22,2025-06-22,W001
PO00106,P007,S018,2025-06-26,190,154.16,2025-07-14,2025-07-14,W005
PO00107,P007,S018,2025-07-18,220,154.16,2025-08-05,2025-08-05,W004
PO00108,P007,S018,2025-08-09,180,154.16,2025-08-27,2025-08-27,W001
PO00109,P007,S012,2025-08-31,250,145.07,2025-09-09,2025-09-09,W003
PO00110,P007,S018,2025-09-22,250,154.16,2025-10-10,2025-10-12,W001
PO00111,P007,S012,2025-10-14,150,145.07,2025-10-23,2025-10-23,W005
PO00112,P007,S012,2025-11-05,240,145.07,2025-11-14,2025-11-14,W003
PO00113,P007,S012,2025-11-27,190,145.07,2025-12-06,2025-12-06,W001
PO00114,P007,S018,2025-12-19,210,154.16,2026-01-06,2026-01-06,W004
PO00115,P007,S018,2026-01-10,240,154.16,2026-01-28,2026-01-28,W001
PO00116,P008,S017,2025-01-27,200,133.4,2025-02-01,2025-02-01,W002
PO00117,P008,S017,2025-02-14,200,133.4,2025-02-19,2025-02-19,W003
PO00118,P008,S017,2025-03-04,400,133.4,2025-03-09,2025-03-09,W002
PO00119,P008,S005,2025-03-22,400,135.03,2025-04-03,2025-04-03,W004
PO00120,P008,S009,2025-04-09,200,138.8,2025-04-18,2025-04-18,W004
PO00121,P008,S005,2025-04-27,400,135.03,2025-05-09,2025-05-09,W005
PO00122,P008,S009,2025-05-15,400,138.8,2025-05-24,2025-05-24,W004
PO00123,P008,S005,2025-06-02,200,135.03,2025-06-14,2025-06-14,W003
PO00124,P008,S009,2025-06-20,400,138.8,2025-06-29,2025-06-29,W004
PO00125,P008,S005,2025-07-08,400,135.03,2025-07-20,2025-07-20,W003
PO00126,P008,S005,2025-07-26,200,135.03,2025-08-07,2025-08-07,W003
PO00127,P008,S017,2025-08-13,200,133.4,2025-08-18,2025-08-18,W002
PO00128,P008,S005,2025-08-31,200,135.03,2025-09-12,2025-09-12,W003
PO00129,P008,S017,2025-09-18,200,133.4,2025-09-23,2025-09-23,W002
PO00130,P008,S017,2025-10-06,400,133.4,2025-10-11,2025-10-11,W002
PO00131,P008,S009,2025-10-24,200,138.8,2025-11-02,2025-11-02,W002
PO00132,P008,S005,2025-11-11,400,135.03,2025-11-23,2025-11-23,W004
PO00133,P008,S009,2025-11-29,200,138.8,2025-12-08,2025-12-08,W002
PO00134,P008,S017,2025-12-17,200,133.4,2025-12-22,2025-12-22,W003
PO00135,P008,S009,2026-01-04,400,138.8,2026-01-13,2026-01-13,W003
PO00136,P009,S013,2025-01-31,200,198.04,2025-02-04,2025-02-09,W004
PO00137,P009,S013,2025-02-19,200,198.04,2025-02-23,2025-02-23,W005
PO00138,P009,S013,2025-03-10,200,198.04,2025-03-14,2025-03-14,W005
PO00139,P009,S013,2025-03-29,200,198.04,2025-04-02,2025-04-02,W004
PO00140,P009,S013,2025-04-17,200,198.04,2025-04-21,2025-04-23,W005
PO00141,P009,S013,2025-05-06,200,198.04,2025-05-10,2025-05-10,W005
PO00142,P009,S013,2025-05-25,200,198.04,2025-05-29,2025-05-29,W005
PO00143,P009,S013,2025-06-13,200,198.04,2025-06-17,2025-06-17,W004
PO00144,P009,S013,2025-07-02,200,198.04,2025-07-06,2025-07-06,W003
PO00145,P009,S013,2025-07-21,200,198.04,2025-07-25,2025-07-25,W004
PO00146,P009,S013,2025-08-09,200,198.04,2025-08-13,2025-08-14,W005
PO00147,P009,S013,2025-08-28,200,198.04,2025-09-01,2025-09-01,W005
PO00148,P009,S013,2025-09-16,200,198.04,2025-09-20,2025-09-23,W004
PO00149,P009,S013,2025-10-05,200,198.04,2025-10-09,2025-10-09,W001
PO00150,P009,S013,2025-10-24,200,198.04,2025-10-28,2025-10-28,W004
PO00151,P009,S013,2025-11-12,200,198.04,2025-11-16,2025-11-16,W005
PO00152,P009,S013,2025-12-01,200,198.04,2025-12-05,2025-12-05,W002
PO00153,P009,S013,2025-12-20,200,198.04,2025-12-24,2025-12-24,W004
PO00154,P009,S013,2026-01-08,200,198.04,2026-01-12,2026-01-12,W004
PO00155,P010,S011,2025-01-19,700,66.31,2025-02-06,2025-02-07,W005
PO00156,P010,S011,2025-02-11,800,66.31,2025-03-01,2025-03-01,W005
PO00157,P010,S011,2025-03-06,800,66.31,2025-03-24,2025-04-02,W003
PO00158,P010,S011,2025-03-29,650,66.31,2025-04-16,2025-04-18,W005
PO00159,P010,S011,2025-04-21,750,66.31,2025-05-09,2025-05-18,W004
PO00160,P010,S011,2025-05-14,650,66.31,2025-06-01,2025-06-01,W003
PO00161,P010,S011,2025-06-06,800,66.31,2025-06-24,2025-06-27,W002
PO00162,P010,S011,2025-06-29,700,66.31,2025-07-17,2025-07-17,W004
PO00163,P010,S011,2025-07-22,650,66.31,2025-08-09,2025-08-09,W002
PO00164,P010,S011,2025-08-14,750,66.31,2025-09-01,2025-09-01,W004
PO00165,P010,S011,2025-09-06,600,66.31,2025-09-24,2025-10-02,W002
PO00166,P010,S011,2025-09-29,600,66.31,2025-10-17,2025-10-17,W002
PO00167,P010,S011,2025-10-22,650,66.31,2025-11-09,2025-11-09,W002
PO00168,P010,S011,2025-11-14,800,66.31,2025-12-02,2025-12-02,W005
PO00169,P010,S011,2025-12-07,550,66.31,2025-12-25,2025-12-28,W003
PO00170,P010,S011,2025-12-30,800,66.31,2026-01-17,2026-01-17,W005
PO00171,P011,S002,2025-01-28,150,150.39,2025-02-07,2025-02-07,W004
PO00172,P011,S018,2025-02-21,175,146.04,2025-03-11,2025-03-11,W002
PO00173,P011,S002,2025-03-17,175,150.39,2025-03-27,2025-03-27,W002
PO00174,P011,S002,2025-04-10,125,150.39,2025-04-20,2025-04-20,W004
PO00175,P011,S002,2025-05-04,125,150.39,2025-05-14,2025-05-14,W005
PO00176,P011,S018,2025-05-28,100,146.04,2025-06-15,2025-06-15,W005
PO00177,P011,S002,2025-06-21,125,150.39,2025-07-01,2025-07-01,W002
PO00178,P011,S002,2025-07-15,125,150.39,2025-07-25,2025-07-25,W001
PO00179,P011,S018,2025-08-08,125,146.04,2025-08-26,2025-08-26,W003
PO00180,P011,S002,2025-09-01,125,150.39,2025-09-11,2025-09-11,W005
PO00181,P011,S018,2025-09-25,125,146.04,2025-10-13,2025-10-13,W004
PO00182,P011,S002,2025-10-19,125,150.39,2025-10-29,2025-10-29,W004
PO00183,P011,S018,2025-11-12,150,146.04,2025-11-30,2025-11-30,W004
PO00184,P011,S002,2025-12-06,150,150.39,2025-12-16,2025-12-16,W003
PO00185,P011,S018,2025-12-30,125,146.04,2026-01-17,2026-01-17,W001
PO00186,P012,S001,2025-01-21,200,130.33,2025-01-27,2025-01-27,W003
PO00187,P012,S001,2025-02-15,250,130.33,2025-02-21,2025-02-21,W002
PO00188,P012,S001,2025-03-12,200,130.33,2025-03-18,2025-03-18,W002
PO00189,P012,S001,2025-04-06,250,130.33,2025-04-12,2025-04-12,W005
PO00190,P012,S001,2025-05-01,250,130.33,2025-05-07,2025-05-07,W004
PO00191,P012,S001,2025-05-26,350,130.33,2025-06-01,2025-06-01,W002
PO00192,P012,S001,2025-06-20,250,130.33,2025-06-26,2025-06-26,W002
PO00193,P012,S001,2025-07-15,200,130.33,2025-07-21,2025-07-21,W004
PO00194,P012,S001,2025-08-09,250,130.33,2025-08-15,2025-08-15,W004
PO00195,P012,S001,2025-09-03,300,130.33,2025-09-09,2025-09-09,W003
PO00196,P012,S001,2025-09-28,250,130.33,2025-10-04,2025-10-04,W002
PO00197,P012,S001,2025-10-23,300,130.33,2025-10-29,2025-10-29,W004
PO00198,P012,S001,2025-11-17,250,130.33,2025-11-23,2025-11-23,W005
PO00199,P012,S001,2025-12-12,250,130.33,2025-12-18,2025-12-18,W004
PO00200,P012,S001,2026-01-06,250,130.33,2026-01-12,2026-01-13,W002
PO00201,P013,S003,2025-01-21,2175,247.9,2025-01-26,2025-01-26,W004
PO00202,P013,S015,2025-02-13,1600,254.26,2025-02-18,2025-02-18,W002
PO00203,P013,S003,2025-03-08,1700,247.9,2025-03-13,2025-03-13,W004
PO00204,P013,S003,2025-03-31,2225,247.9,2025-04-05,2025-04-05,W004
PO00205,P013,S003,2025-04-23,2000,247.9,2025-04-28,2025-04-28,W005
PO00206,P013,S007,2025-05-16,1600,239.16,2025-05-19,2025-05-20,W002
PO00207,P013,S003,2025-06-08,1300,247.9,2025-06-13,2025-06-13,W002
PO00208,P013,S003,2025-07-01,1725,247.9,2025-07-06,2025-07-06,W004
PO00209,P013,S003,2025-07-24,1825,247.9,2025-07-29,2025-08-01,W004
PO00210,P013,S007,2025-08-16,2125,239.16,2025-08-19,2025-08-19,W004
PO00211,P013,S007,2025-09-08,1575,239.16,2025-09-11,2025-09-11,W002
PO00212,P013,S007,2025-10-01,1950,239.16,2025-10-04,2025-10-04,W002
PO00213,P013,S003,2025-10-24,1950,247.9,2025-10-29,2025-10-29,W005
PO00214,P013,S003,2025-11-16,1800,247.9,2025-11-21,2025-11-24,W004
PO00215,P013,S003,2025-12-09,1975,247.9,2025-12-14,2025-12-14,W002
PO00216,P013,S007,2026-01-01,2075,239.16,2026-01-04,2026-01-04,W002
PO00217,P014,S007,2025-01-30,1200,27.83,2025-02-02,2025-02-02,W002
PO00218,P014,S007,2025-02-24,1000,27.83,2025-02-27,2025-02-27,W002
PO00219,P014,S008,2025-03-21,1200,31.63,2025-03-27,2025-03-27,W004
PO00220,P014,S007,2025-04-15,1200,27.83,2025-04-18,2025-04-18,W001
PO00221,P014,S008,2025-05-10,1200,31.63,2025-05-16,2025-05-16,W003
PO00222,P014,S020,2025-06-04,1400,32.5,2025-06-19,2025-06-29,W005
PO00223,P014,S007,2025-06-29,1200,27.83,2025-07-02,2025-07-02,W005
PO00224,P014,S020,2025-07-24,1400,32.5,2025-08-08,2025-08-08,W001
PO00225,P014,S007,2025-08-18,1600,27.83,2025-08-21,2025-08-21,W002
PO00226,P014,S020,2025-09-12,1400,32.5,2025-09-27,2025-09-30,W002
PO00227,P014,S007,2025-10-07,1400,27.83,2025-10-10,2025-10-10,W002
PO00228,P014,S008,2025-11-01,1000,31.63,2025-11-07,2025-11-07,W001
PO00229,P014,S008,2025-11-26,1400,31.63,2025-12-02,2025-12-02,W002
PO00230,P014,S008,2025-12-21,1400,31.63,2025-12-27,2025-12-27,W005
PO00231,P015,S002,2025-01-25,130,127.09,2025-02-04,2025-02-04,W003
PO00232,P015,S002,2025-02-13,120,127.09,2025-02-23,2025-02-23,W001
PO00233,P015,S003,2025-03-04,110,137.77,2025-03-09,2025-03-09,W001
PO00234,P015,S002,2025-03-23,110,127.09,2025-04-02,2025-04-02,W002
PO00235,P015,S002,2025-04-11,110,127.09,2025-04-21,2025-04-23,W002
PO00236,P015,S002,2025-04-30,100,127.09,2025-05-10,2025-05-10,W004
PO00237,P015,S003,2025-05-19,110,137.77,2025-05-24,2025-05-24,W001
PO00238,P015,S005,2025-06-07,120,139.31,2025-06-19,2025-06-19,W004
PO00239,P015,S002,2025-06-26,80,127.09,2025-07-06,2025-07-06,W001
PO00240,P015,S005,2025-07-15,100,139.31,2025-07-27,2025-07-27,W002
PO00241,P015,S003,2025-08-03,90,137.77,2025-08-08,2025-08-08,W002
PO00242,P015,S002,2025-08-22,100,127.09,2025-09-01,2025-09-01,W001
PO00243,P015,S002,2025-09-10,130,127.09,2025-09-20,2025-09-20,W001
PO00244,P015,S005,2025-09-29,100,139.31,2025-10-11,2025-10-11,W001
PO00245,P015,S002,2025-10-18,120,127.09,2025-10-28,2025-10-28,W002
PO00246,P015,S003,2025-11-06,100,137.77,2025-11-11,2025-11-11,W004
PO00247,P015,S005,2025-11-25,120,139.31,2025-12-07,2025-12-07,W001
PO00248,P015,S003,2025-12-14,100,137.77,2025-12-19,2025-12-19,W001
PO00249,P015,S005,2026-01-02,120,139.31,2026-01-14,2026-01-14,W001
PO00250,P016,S016,2025-01-25,200,134.97,2025-01-28,2025-01-28,W005
PO00251,P016,S016,2025-02-16,200,134.97,2025-02-19,2025-02-19,W002
PO00252,P016,S016,2025-03-10,200,134.97,2025-03-13,2025-03-13,W002
PO00253,P016,S016,2025-04-01,200,134.97,2025-04-04,2025-04-04,W001
PO00254,P016,S016,2025-04-23,200,134.97,2025-04-26,2025-04-27,W001
PO00255,P016,S016,2025-05-15,200,134.97,2025-05-18,2025-05-18,W001
PO00256,P016,S016,2025-06-06,200,134.97,2025-06-09,2025-06-09,W001
PO00257,P016,S016,2025-06-28,200,134.97,2025-07-01,2025-07-01,W005
PO00258,P016,S016,2025-07-20,200,134.97,2025-07-23,2025-07-25,W001
PO00259,P016,S016,2025-08-11,200,134.97,2025-08-14,2025-08-14,W005
PO00260,P016,S016,2025-09-02,200,134.97,2025-09-05,2025-09-05,W001
PO00261,P016,S016,2025-09-24,200,134.97,2025-09-27,2025-09-30,W001
PO00262,P016,S016,2025-10-16,200,134.97,2025-10-19,2025-10-19,W003
PO00263,P016,S016,2025-11-07,200,134.97,2025-11-10,2025-11-10,W005
PO00264,P016,S016,2025-11-29,200,134.97,2025-12-02,2025-12-02,W001
PO00265,P016,S016,2025-12-21,200,134.97,2025-12-24,2025-12-27,W001
PO00266,P017,S002,2025-01-21,800,74.24,2025-01-31,2025-01-31,W001
PO00267,P017,S002,2025-02-11,1000,74.24,2025-02-21,2025-02-21,W002
PO00268,P017,S002,2025-03-04,800,74.24,2025-03-14,2025-03-14,W005
PO00269,P017,S002,2025-03-25,800,74.24,2025-04-04,2025-04-04,W003
PO00270,P017,S002,2025-04-15,800,74.24,2025-04-25,2025-04-25,W003
PO00271,P017,S003,2025-05-06,800,69.05,2025-05-11,2025-05-11,W002
PO00272,P017,S002,2025-05-27,800,74.24,2025-06-06,2025-06-06,W001
PO00273,P017,S002,2025-06-17,800,74.24,2025-06-27,2025-06-27,W001
PO00274,P017,S003,2025-07-08,800,69.05,2025-07-13,2025-07-13,W001
PO00275,P017,S002,2025-07-29,1000,74.24,2025-08-08,2025-08-08,W004
PO00276,P017,S002,2025-08-19,800,74.24,2025-08-29,2025-08-29,W005
PO00277,P017,S003,2025-09-09,600,69.05,2025-09-14,2025-09-16,W005
PO00278,P017,S002,2025-09-30,1000,74.24,2025-10-10,2025-10-10,W005
PO00279,P017,S002,2025-10-21,800,74.24,2025-10-31,2025-10-31,W005
PO00280,P017,S002,2025-11-11,1000,74.24,2025-11-21,2025-11-22,W001
PO00281,P017,S002,2025-12-02,800,74.24,2025-12-12,2025-12-15,W005
PO00282,P017,S002,2025-12-23,1000,74.24,2026-01-02,2026-01-02,W004
PO00283,P018,S017,2025-01-23,200,21.76,2025-01-28,2025-01-28,W002
PO00284,P018,S017,2025-02-14,200,21.76,2025-02-19,2025-02-19,W005
PO00285,P018,S017,2025-03-08,200,21.76,2025-03-13,2025-03-13,W002
PO00286,P018,S017,2025-03-30,200,21.76,2025-04-04,2025-04-04,W002
PO00287,P018,S017,2025-04-21,200,21.76,2025-04-26,2025-04-26,W005
PO00288,P018,S017,2025-05-13,200,21.76,2025-05-18,2025-05-18,W002
PO00289,P018,S017,2025-06-04,200,21.76,2025-06-09,2025-06-09,W001
PO00290,P018,S017,2025-06-26,200,21.76,2025-07-01,2025-07-01,W005
PO00291,P018,S017,2025-07-18,200,21.76,2025-07-23,2025-07-23,W002
PO00292,P018,S017,2025-08-09,200,21.76,2025-08-14,2025-08-14,W002
PO00293,P018,S017,2025-08-31,200,21.76,2025-09-05,2025-09-15,W002
PO00294,P018,S017,2025-09-22,200,21.76,2025-09-27,2025-09-27,W002
PO00295,P018,S017,2025-10-14,200,21.76,2025-10-19,2025-10-19,W002
PO00296,P018,S017,2025-11-05,200,21.76,2025-11-10,2025-11-10,W002
PO00297,P018,S017,2025-11-27,200,21.76,2025-12-02,2025-12-02,W002
PO00298,P018,S017,2025-12-19,200,21.76,2025-12-24,2025-12-24,W002
PO00299,P018,S017,2026-01-10,200,21.76,2026-01-15,2026-01-15,W002
PO00300,P019,S011,2025-01-24,250,62.94,2025-02-11,2025-02-11,W002
PO00301,P019,S011,2025-02-17,225,62.94,2025-03-07,2025-03-12,W003
PO00302,P019,S011,2025-03-13,225,62.94,2025-03-31,2025-03-31,W002
PO00303,P019,S011,2025-04-06,250,62.94,2025-04-24,2025-04-25,W001
PO00304,P019,S011,2025-04-30,250,62.94,2025-05-18,2025-05-20,W004
PO00305,P019,S011,2025-05-24,200,62.94,2025-06-11,2025-06-13,W002
PO00306,P019,S011,2025-06-17,175,62.94,2025-07-05,2025-07-05,W001
PO00307,P019,S011,2025-07-11,200,62.94,2025-07-29,2025-08-02,W002
PO00308,P019,S011,2025-08-04,175,62.94,2025-08-22,2025-08-23,W002
PO00309,P019,S011,2025-08-28,150,62.94,2025-09-15,2025-09-16,W002
PO00310,P019,S011,2025-09-21,225,62.94,2025-10-09,2025-10-17,W004
PO00311,P019,S011,2025-10-15,200,62.94,2025-11-02,2025-11-10,W003
PO00312,P019,S011,2025-11-08,175,62.94,2025-11-26,2025-11-30,W001
PO00313,P019,S011,2025-12-02,200,62.94,2025-12-20,2025-12-20,W002
PO00314,P019,S011,2025-12-26,225,62.94,2026-01-13,2026-01-13,W001
PO00315,P020,S007,2025-01-17,500,134.04,2025-01-20,2025-01-20,W004
PO00316,P020,S007,2025-02-11,650,134.04,2025-02-14,2025-02-14,W002
PO00317,P020,S007,2025-03-08,600,134.04,2025-03-11,2025-03-11,W003
PO00318,P020,S007,2025-04-02,650,134.04,2025-04-05,2025-04-05,W004
PO00319,P020,S007,2025-04-27,650,134.04,2025-04-30,2025-04-30,W003
PO00320,P020,S007,2025-05-22,600,134.04,2025-05-25,2025-05-26,W003
PO00321,P020,S007,2025-06-16,600,134.04,2025-06-19,2025-06-19,W004
PO00322,P020,S007,2025-07-11,600,134.04,2025-07-14,2025-07-14,W005
PO00323,P020,S007,2025-08-05,450,134.04,2025-08-08,2025-08-08,W004
PO00324,P020,S007,2025-08-30,450,134.04,2025-09-02,2025-09-02,W004
PO00325,P020,S007,2025-09-24,450,134.04,2025-09-27,2025-09-27,W003
PO00326,P020,S007,2025-10-19,600,134.04,2025-10-22,2025-10-22,W003
PO00327,P020,S007,2025-11-13,500,134.04,2025-11-16,2025-11-16,W004
PO00328,P020,S007,2025-12-08,650,134.04,2025-12-11,2025-12-11,W003
PO00329,P020,S007,2026-01-02,600,134.04,2026-01-05,2026-01-05,W003
PO00330,P021,S020,2025-01-31,600,115.38,2025-02-15,2025-02-15,W003
PO00331,P021,S015,2025-02-21,600,112.69,2025-02-26,2025-02-26,W005
PO00332,P021,S015,2025-03-14,400,112.69,2025-03-19,2025-03-22,W002
PO00333,P021,S020,2025-04-04,600,115.38,2025-04-19,2025-04-26,W001
PO00334,P021,S020,2025-04-25,400,115.38,2025-05-10,2025-05-13,W003
PO00335,P021,S015,2025-05-16,400,112.69,2025-05-21,2025-05-21,W002
PO00336,P021,S020,2025-06-06,600,115.38,2025-06-21,2025-06-24,W004
PO00337,P021,S020,2025-06-27,400,115.38,2025-07-12,2025-07-14,W004
PO00338,P021,S020,2025-07-18,400,115.38,2025-08-02,2025-08-04,W002
PO00339,P021,S015,2025-08-08,600,112.69,2025-08-13,2025-08-13,W003
PO00340,P021,S015,2025-08-29,600,112.69,2025-09-03,2025-09-03,W002
PO00341,P021,S020,2025-09-19,600,115.38,2025-10-04,2025-10-05,W002
PO00342,P021,S020,2025-10-10,600,115.38,2025-10-25,2025-10-25,W002
PO00343,P021,S015,2025-10-31,600,112.69,2025-11-05,2025-11-05,W002
PO00344,P021,S015,2025-11-21,600,112.69,2025-11-26,2025-11-26,W003
PO00345,P021,S015,2025-12-12,600,112.69,2025-12-17,2025-12-17,W003
PO00346,P021,S015,2026-01-02,400,112.69,2026-01-07,2026-01-07,W003
PO00347,P022,S003,2025-01-25,100,163.11,2025-01-30,2025-01-30,W002
PO00348,P022,S003,2025-02-16,110,163.11,2025-02-21,2025-02-24,W005
PO00349,P022,S003,2025-03-10,100,163.11,2025-03-15,2025-03-15,W005
PO00350,P022,S003,2025-04-01,110,163.11,2025-04-06,2025-04-07,W004
PO00351,P022,S003,2025-04-23,110,163.11,2025-04-28,2025-04-28,W004
PO00352,P022,S003,2025-05-15,130,163.11,2025-05-20,2025-05-20,W004
PO00353,P022,S003,2025-06-06,110,163.11,2025-06-11,2025-06-11,W003
PO00354,P022,S003,2025-06-28,130,163.11,2025-07-03,2025-07-03,W004
PO00355,P022,S003,2025-07-20,110,163.11,2025-07-25,2025-07-25,W005
PO00356,P022,S003,2025-08-11,110,163.11,2025-08-16,2025-08-16,W005
PO00357,P022,S003,2025-09-02,90,163.11,2025-09-07,2025-09-07,W005
PO00358,P022,S003,2025-09-24,120,163.11,2025-09-29,2025-09-29,W003
PO00359,P022,S003,2025-10-16,110,163.11,2025-10-21,2025-10-28,W002
PO00360,P022,S003,2025-11-07,90,163.11,2025-11-12,2025-11-12,W003
PO00361,P022,S003,2025-11-29,90,163.11,2025-12-04,2025-12-04,W005
PO00362,P022,S003,2025-12-21,100,163.11,2025-12-26,2025-12-26,W004
PO00363,P023,S015,2025-01-23,850,236.49,2025-01-28,2025-01-28,W003
PO00364,P023,S015,2025-02-17,675,236.49,2025-02-22,2025-02-22,W002
PO00365,P023,S020,2025-03-14,725,253.46,2025-03-29,2025-03-29,W004
PO00366,P023,S020,2025-04-08,775,253.46,2025-04-23,2025-04-23,W003
PO00367,P023,S020,2025-05-03,875,253.46,2025-05-18,2025-05-18,W005
PO00368,P023,S015,2025-05-28,825,236.49,2025-06-02,2025-06-02,W003
PO00369,P023,S015,2025-06-22,750,236.49,2025-06-27,2025-06-27,W005
PO00370,P023,S020,2025-07-17,925,253.46,2025-08-01,2025-08-01,W003
PO00371,P023,S015,2025-08-11,675,236.49,2025-08-16,2025-08-16,W005
PO00372,P023,S020,2025-09-05,750,253.46,2025-09-20,2025-09-20,W002
PO00373,P023,S020,2025-09-30,900,253.46,2025-10-15,2025-10-20,W005
PO00374,P023,S015,2025-10-25,825,236.49,2025-10-30,2025-11-01,W004
PO00375,P023,S020,2025-11-19,875,253.46,2025-12-04,2025-12-04,W003
PO00376,P023,S015,2025-12-14,925,236.49,2025-12-19,2025-12-19,W005
PO00377,P023,S020,2026-01-08,700,253.46,2026-01-23,2026-01-23,W001
PO00378,P024,S002,2025-01-31,650,107.25,2025-02-10,2025-02-13,W003
PO00379,P024,S002,2025-02-22,550,107.25,2025-03-04,2025-03-04,W004
PO00380,P024,S002,2025-03-16,850,107.25,2025-03-26,2025-03-26,W003
PO00381,P024,S002,2025-04-07,700,107.25,2025-04-17,2025-04-17,W003
PO00382,P024,S002,2025-04-29,650,107.25,2025-05-09,2025-05-09,W003
PO00383,P024,S002,2025-05-21,1000,107.25,2025-05-31,2025-05-31,W003
PO00384,P024,S002,2025-06-12,900,107.25,2025-06-22,2025-06-22,W002
PO00385,P024,S002,2025-07-04,850,107.25,2025-07-14,2025-07-14,W002
PO00386,P024,S002,2025-07-26,650,107.25,2025-08-05,2025-08-05,W004
PO00387,P024,S002,2025-08-17,650,107.25,2025-08-27,2025-08-27,W002
PO00388,P024,S002,2025-09-08,900,107.25,2025-09-18,2025-09-18,W005
PO00389,P024,S002,2025-09-30,800,107.25,2025-10-10,2025-10-10,W001
PO00390,P024,S002,2025-10-22,650,107.25,2025-11-01,2025-11-01,W003
PO00391,P024,S002,2025-11-13,700,107.25,2025-11-23,2025-11-23,W002
PO00392,P024,S002,2025-12-05,700,107.25,2025-12-15,2025-12-15,W002
PO00393,P024,S002,2025-12-27,850,107.25,2026-01-06,2026-01-06,W002
PO00394,P025,S005,2025-01-30,200,74.28,2025-02-11,2025-02-11,W002
PO00395,P025,S005,2025-02-22,200,74.28,2025-03-06,2025-03-06,W003
PO00396,P025,S005,2025-03-17,200,74.28,2025-03-29,2025-04-01,W002
PO00397,P025,S005,2025-04-09,200,74.28,2025-04-21,2025-04-21,W002
PO00398,P025,S018,2025-05-02,200,80.78,2025-05-20,2025-05-20,W005
PO00399,P025,S018,2025-05-25,200,80.78,2025-06-12,2025-06-12,W003
PO00400,P025,S005,2025-06-17,200,74.28,2025-06-29,2025-06-29,W003
PO00401,P025,S018,2025-07-10,200,80.78,2025-07-28,2025-07-28,W005
PO00402,P025,S005,2025-08-02,200,74.28,2025-08-14,2025-08-14,W004
PO00403,P025,S005,2025-08-25,200,74.28,2025-09-06,2025-09-06,W003
PO00404,P025,S005,2025-09-17,200,74.28,2025-09-29,2025-09-29,W004
PO00405,P025,S008,2025-10-10,200,80.31,2025-10-16,2025-10-19,W003
PO00406,P025,S018,2025-11-02,200,80.78,2025-11-20,2025-11-20,W002
PO00407,P025,S018,2025-11-25,200,80.78,2025-12-13,2025-12-13,W005
PO00408,P025,S008,2025-12-18,200,80.31,2025-12-24,2025-12-24,W002
PO00409,P025,S018,2026-01-10,200,80.78,2026-01-28,2026-01-28,W003
PO00410,P026,S002,2025-01-19,800,65.92,2025-01-29,2025-01-30,W001
PO00411,P026,S002,2025-02-09,1000,65.92,2025-02-19,2025-02-19,W003
PO00412,P026,S002,2025-03-02,800,65.92,2025-03-12,2025-03-13,W002
PO00413,P026,S002,2025-03-23,1000,65.92,2025-04-02,2025-04-02,W004
PO00414,P026,S002,2025-04-13,1000,65.92,2025-04-23,2025-04-23,W002
PO00415,P026,S002,2025-05-04,800,65.92,2025-05-14,2025-05-16,W005
PO00416,P026,S002,2025-05-25,800,65.92,2025-06-04,2025-06-04,W005
PO00417,P026,S002,2025-06-15,600,65.92,2025-06-25,2025-06-25,W003
PO00418,P026,S002,2025-07-06,1000,65.92,2025-07-16,2025-07-16,W004
PO00419,P026,S002,2025-07-27,600,65.92,2025-08-06,2025-08-06,W005
PO00420,P026,S002,2025-08-17,800,65.92,2025-08-27,2025-08-27,W003
PO00421,P026,S002,2025-09-07,600,65.92,2025-09-17,2025-09-17,W003
PO00422,P026,S002,2025-09-28,800,65.92,2025-10-08,2025-10-08,W004
PO00423,P026,S002,2025-10-19,800,65.92,2025-10-29,2025-10-29,W005
PO00424,P026,S002,2025-11-09,800,65.92,2025-11-19,2025-11-19,W002
PO00425,P026,S002,2025-11-30,800,65.92,2025-12-10,2025-12-10,W003
PO00426,P026,S002,2025-12-21,1000,65.92,2025-12-31,2025-12-31,W003
PO00427,P027,S014,2025-01-16,500,177.95,2025-02-05,2025-02-05,W003
PO00428,P027,S017,2025-02-05,550,202.76,2025-02-10,2025-02-10,W002
PO00429,P027,S017,2025-02-25,450,202.76,2025-03-02,2025-03-02,W005
PO00430,P027,S003,2025-03-17,650,206.79,2025-03-22,2025-03-22,W003
PO00431,P027,S017,2025-04-06,500,202.76,2025-04-11,2025-04-11,W003
PO00432,P027,S014,2025-04-26,425,177.95,2025-05-16,2025-05-16,W001
PO00433,P027,S014,2025-05-16,575,177.95,2025-06-05,2025-06-05,W003
PO00434,P027,S017,2025-06-05,625,202.76,2025-06-10,2025-06-10,W002
PO00435,P027,S003,2025-06-25,625,206.79,2025-06-30,2025-06-30,W002
PO00436,P027,S014,2025-07-15,600,177.95,2025-08-04,2025-08-04,W002
PO00437,P027,S014,2025-08-04,575,177.95,2025-08-24,2025-08-24,W005
PO00438,P027,S017,2025-08-24,600,202.76,2025-08-29,2025-08-29,W001
PO00439,P027,S017,2025-09-13,625,202.76,2025-09-18,2025-09-18,W002
PO00440,P027,S017,2025-10-03,575,202.76,2025-10-08,2025-10-08,W001
PO00441,P027,S003,2025-10-23,550,206.79,2025-10-28,2025-10-28,W003
PO00442,P027,S017,2025-11-12,675,202.76,2025-11-17,2025-11-18,W001
PO00443,P027,S003,2025-12-02,675,206.79,2025-12-07,2025-12-07,W003
PO00444,P027,S003,2025-12-22,600,206.79,2025-12-27,2025-12-27,W002
PO00445,P028,S004,2025-01-30,400,30.72,2025-02-04,2025-02-04,W003
PO00446,P028,S014,2025-02-22,500,29.8,2025-03-14,2025-03-14,W003
PO00447,P028,S004,2025-03-17,600,30.72,2025-03-22,2025-03-24,W003
PO00448,P028,S004,2025-04-09,500,30.72,2025-04-14,2025-04-22,W001
PO00449,P028,S004,2025-05-02,500,30.72,2025-05-07,2025-05-16,W003
PO00450,P028,S004,2025-05-25,500,30.72,2025-05-30,2025-06-04,W005
PO00451,P028,S014,2025-06-17,500,29.8,2025-07-07,2025-07-07,W003
PO00452,P028,S014,2025-07-10,400,29.8,2025-07-30,2025-07-30,W002
PO00453,P028,S004,2025-08-02,600,30.72,2025-08-07,2025-08-07,W001
PO00454,P028,S004,2025-08-25,500,30.72,2025-08-30,2025-08-30,W003
PO00455,P028,S014,2025-09-17,500,29.8,2025-10-07,2025-10-07,W004
PO00456,P028,S014,2025-10-10,500,29.8,2025-10-30,2025-10-30,W003
PO00457,P028,S004,2025-11-02,500,30.72,2025-11-07,2025-11-07,W003
PO00458,P028,S004,2025-11-25,600,30.72,2025-11-30,2025-12-04,W002
PO00459,P028,S004,2025-12-18,400,30.72,2025-12-23,2025-12-25,W005
PO00460,P028,S014,2026-01-10,500,29.8,2026-01-30,2026-01-30,W004
PO00461,P029,S012,2025-01-28,425,183.13,2025-02-06,2025-02-06,W005
PO00462,P029,S014,2025-02-19,400,215.44,2025-03-11,2025-03-11,W001
PO00463,P029,S014,2025-03-13,375,215.44,2025-04-02,2025-04-02,W002
PO00464,P029,S012,2025-04-04,375,183.13,2025-04-13,2025-04-13,W003
PO00465,P029,S014,2025-04-26,325,215.44,2025-05-16,2025-05-16,W005
PO00466,P029,S012,2025-05-18,300,183.13,2025-05-27,2025-05-27,W003
PO00467,P029,S014,2025-06-09,300,215.44,2025-06-29,2025-06-29,W004
PO00468,P029,S014,2025-07-01,300,215.44,2025-07-21,2025-07-21,W003
PO00469,P029,S014,2025-07-23,375,215.44,2025-08-12,2025-08-12,W003
PO00470,P029,S014,2025-08-14,325,215.44,2025-09-03,2025-09-03,W005
PO00471,P029,S014,2025-09-05,375,215.44,2025-09-25,2025-09-26,W004
PO00472,P029,S014,2025-09-27,300,215.44,2025-10-17,2025-10-17,W001
PO00473,P029,S012,2025-10-19,400,183.13,2025-10-28,2025-11-04,W004
PO00474,P029,S012,2025-11-10,350,183.13,2025-11-19,2025-11-19,W003
PO00475,P029,S014,2025-12-02,350,215.44,2025-12-22,2025-12-22,W002
PO00476,P029,S014,2025-12-24,325,215.44,2026-01-13,2026-01-13,W001
PO00477,P030,S007,2025-01-25,350,184.01,2025-01-28,2025-01-28,W003
PO00478,P030,S007,2025-02-14,300,184.01,2025-02-17,2025-02-17,W002
PO00479,P030,S007,2025-03-06,400,184.01,2025-03-09,2025-03-09,W005
PO00480,P030,S007,2025-03-26,350,184.01,2025-03-29,2025-03-29,W003
PO00481,P030,S007,2025-04-15,400,184.01,2025-04-18,2025-04-18,W002
PO00482,P030,S007,2025-05-05,350,184.01,2025-05-08,2025-05-08,W002
PO00483,P030,S007,2025-05-25,400,184.01,2025-05-28,2025-05-28,W002
PO00484,P030,S007,2025-06-14,350,184.01,2025-06-17,2025-06-17,W002
PO00485,P030,S007,2025-07-04,450,184.01,2025-07-07,2025-07-07,W002
PO00486,P030,S007,2025-07-24,450,184.01,2025-07-27,2025-07-27,W002
PO00487,P030,S007,2025-08-13,450,184.01,2025-08-16,2025-08-16,W002
PO00488,P030,S007,2025-09-02,300,184.01,2025-09-05,2025-09-05,W004
PO00489,P030,S007,2025-09-22,400,184.01,2025-09-25,2025-09-25,W001
PO00490,P030,S007,2025-10-12,450,184.01,2025-10-15,2025-10-15,W002
PO00491,P030,S007,2025-11-01,300,184.01,2025-11-04,2025-11-04,W001
PO00492,P030,S007,2025-11-21,350,184.01,2025-11-24,2025-11-24,W001
PO00493,P030,S007,2025-12-11,350,184.01,2025-12-14,2025-12-14,W005
PO00494,P030,S007,2025-12-31,450,184.01,2026-01-03,2026-01-03,W002
PO00495,P031,S012,2025-01-17,1000,152.08,2025-01-26,2025-01-26,W002
PO00496,P031,S013,2025-02-05,900,172.0,2025-02-09,2025-02-12,W001
PO00497,P031,S013,2025-02-24,1000,172.0,2025-02-28,2025-03-01,W005
PO00498,P031,S013,2025-03-15,900,172.0,2025-03-19,2025-03-19,W001
PO00499,P031,S013,2025-04-03,800,172.0,2025-04-07,2025-04-07,W001
PO00500,P031,S012,2025-04-22,1000,152.08,2025-05-01,2025-05-01,W002
PO00501,P031,S013,2025-05-11,800,172.0,2025-05-15,2025-05-15,W001
PO00502,P031,S012,2025-05-30,900,152.08,2025-06-08,2025-06-08,W001
PO00503,P031,S013,2025-06-18,600,172.0,2025-06-22,2025-07-01,W001
PO00504,P031,S012,2025-07-07,800,152.08,2025-07-16,2025-07-16,W001
PO00505,P031,S012,2025-07-26,900,152.08,2025-08-04,2025-08-04,W001
PO00506,P031,S012,2025-08-14,800,152.08,2025-08-23,2025-08-23,W001
PO00507,P031,S012,2025-09-02,1000,152.08,2025-09-11,2025-09-14,W001
PO00508,P031,S012,2025-09-21,900,152.08,2025-09-30,2025-09-30,W002
PO00509,P031,S013,2025-10-10,700,172.0,2025-10-14,2025-10-14,W002
PO00510,P031,S013,2025-10-29,800,172.0,2025-11-02,2025-11-07,W002
PO00511,P031,S012,2025-11-17,1100,152.08,2025-11-26,2025-11-26,W001
PO00512,P031,S013,2025-12-06,900,172.0,2025-12-10,2025-12-15,W003
PO00513,P031,S012,2025-12-25,1000,152.08,2026-01-03,2026-01-03,W002
PO00514,P032,S003,2025-01-30,600,20.07,2025-02-04,2025-02-04,W004
PO00515,P032,S008,2025-02-21,600,21.26,2025-02-27,2025-02-27,W001
PO00516,P032,S003,2025-03-15,600,20.07,2025-03-20,2025-03-20,W004
PO00517,P032,S008,2025-04-06,600,21.26,2025-04-12,2025-04-14,W001
PO00518,P032,S003,2025-04-28,500,20.07,2025-05-03,2025-05-03,W002
PO00519,P032,S008,2025-05-20,600,21.26,2025-05-26,2025-05-26,W001
PO00520,P032,S003,2025-06-11,500,20.07,2025-06-16,2025-06-16,W004
PO00521,P032,S003,2025-07-03,600,20.07,2025-07-08,2025-07-08,W001
PO00522,P032,S008,2025-07-25,700,21.26,2025-07-31,2025-07-31,W001
PO00523,P032,S003,2025-08-16,700,20.07,2025-08-21,2025-08-21,W005
PO00524,P032,S003,2025-09-07,600,20.07,2025-09-12,2025-09-12,W001
PO00525,P032,S003,2025-09-29,500,20.07,2025-10-04,2025-10-04,W005
PO00526,P032,S008,2025-10-21,500,21.26,2025-10-27,2025-10-27,W001
PO00527,P032,S008,2025-11-12,600,21.26,2025-11-18,2025-11-18,W001
PO00528,P032,S003,2025-12-04,700,20.07,2025-12-09,2025-12-09,W005
PO00529,P032,S008,2025-12-26,500,21.26,2026-01-01,2026-01-01,W001
PO00530,P033,S019,2025-01-16,500,221.85,2025-01-27,2025-01-29,W001
PO00531,P033,S019,2025-02-08,400,221.85,2025-02-19,2025-02-19,W002
PO00532,P033,S019,2025-03-03,600,221.85,2025-03-14,2025-03-14,W005
PO00533,P033,S019,2025-03-26,400,221.85,2025-04-06,2025-04-06,W001
PO00534,P033,S019,2025-04-18,500,221.85,2025-04-29,2025-04-29,W005
PO00535,P033,S019,2025-05-11,500,221.85,2025-05-22,2025-05-22,W001
PO00536,P033,S019,2025-06-03,600,221.85,2025-06-14,2025-06-14,W005
PO00537,P033,S019,2025-06-26,500,221.85,2025-07-07,2025-07-07,W005
PO00538,P033,S019,2025-07-19,500,221.85,2025-07-30,2025-07-30,W004
PO00539,P033,S019,2025-08-11,500,221.85,2025-08-22,2025-08-22,W002
PO00540,P033,S019,2025-09-03,500,221.85,2025-09-14,2025-09-14,W005
PO00541,P033,S019,2025-09-26,500,221.85,2025-10-07,2025-10-07,W004
PO00542,P033,S019,2025-10-19,500,221.85,2025-10-30,2025-10-30,W001
PO00543,P033,S019,2025-11-11,400,221.85,2025-11-22,2025-11-22,W005
PO00544,P033,S019,2025-12-04,600,221.85,2025-12-15,2025-12-18,W005
PO00545,P033,S019,2025-12-27,600,221.85,2026-01-07,2026-01-07,W003
PO00546,P034,S007,2025-01-24,400,156.3,2025-01-27,2025-01-30,W002
PO00547,P034,S011,2025-02-13,450,148.72,2025-03-03,2025-03-06,W002
PO00548,P034,S007,2025-03-05,450,156.3,2025-03-08,2025-03-08,W003
PO00549,P034,S007,2025-03-25,450,156.3,2025-03-28,2025-03-28,W004
PO00550,P034,S007,2025-04-14,350,156.3,2025-04-17,2025-04-17,W004
PO00551,P034,S007,2025-05-04,350,156.3,2025-05-07,2025-05-07,W004
PO00552,P034,S011,2025-05-24,450,148.72,2025-06-11,2025-06-11,W005
PO00553,P034,S007,2025-06-13,350,156.3,2025-06-16,2025-06-16,W003
PO00554,P034,S011,2025-07-03,350,148.72,2025-07-21,2025-07-22,W003
PO00555,P034,S007,2025-07-23,450,156.3,2025-07-26,2025-07-26,W001
PO00556,P034,S011,2025-08-12,400,148.72,2025-08-30,2025-08-31,W004
PO00557,P034,S011,2025-09-01,500,148.72,2025-09-19,2025-09-21,W001
PO00558,P034,S007,2025-09-21,450,156.3,2025-09-24,2025-09-24,W001
PO00559,P034,S011,2025-10-11,350,148.72,2025-10-29,2025-10-29,W003
PO00560,P034,S011,2025-10-31,450,148.72,2025-11-18,2025-11-18,W001
PO00561,P034,S011,2025-11-20,400,148.72,2025-12-08,2025-12-11,W005
PO00562,P034,S007,2025-12-10,400,156.3,2025-12-13,2025-12-13,W003
PO00563,P034,S007,2025-12-30,450,156.3,2026-01-02,2026-01-02,W003
PO00564,P035,S017,2025-01-28,1450,216.75,2025-02-02,2025-02-02,W002
PO00565,P035,S015,2025-02-21,1775,208.25,2025-02-26,2025-02-26,W004
PO00566,P035,S015,2025-03-17,1950,208.25,2025-03-22,2025-03-22,W004
PO00567,P035,S015,2025-04-10,1700,208.25,2025-04-15,2025-04-15,W001
PO00568,P035,S017,2025-05-04,1400,216.75,2025-05-09,2025-05-09,W002
PO00569,P035,S017,2025-05-28,1650,216.75,2025-06-02,2025-06-02,W003
PO00570,P035,S017,2025-06-21,1525,216.75,2025-06-26,2025-06-26,W002
PO00571,P035,S017,2025-07-15,1775,216.75,2025-07-20,2025-07-20,W002
PO00572,P035,S017,2025-08-08,1325,216.75,2025-08-13,2025-08-13,W002
PO00573,P035,S017,2025-09-01,1375,216.75,2025-09-06,2025-09-06,W002
PO00574,P035,S017,2025-09-25,1850,216.75,2025-09-30,2025-09-30,W004
PO00575,P035,S017,2025-10-19,1175,216.75,2025-10-24,2025-10-27,W004
PO00576,P035,S017,2025-11-12,1650,216.75,2025-11-17,2025-11-17,W002
PO00577,P035,S015,2025-12-06,1900,208.25,2025-12-11,2025-12-11,W001
PO00578,P035,S017,2025-12-30,1700,216.75,2026-01-04,2026-01-04,W001
PO00579,P036,S003,2025-01-20,1350,47.7,2025-01-25,2025-01-25,W003
PO00580,P036,S003,2025-02-11,2000,47.7,2025-02-16,2025-02-16,W003
PO00581,P036,S003,2025-03-05,1500,47.7,2025-03-10,2025-03-11,W001
PO00582,P036,S003,2025-03-27,1550,47.7,2025-04-01,2025-04-01,W003
PO00583,P036,S003,2025-04-18,2050,47.7,2025-04-23,2025-04-23,W004
PO00584,P036,S003,2025-05-10,1600,47.7,2025-05-15,2025-05-15,W003
PO00585,P036,S003,2025-06-01,1800,47.7,2025-06-06,2025-06-06,W002
PO00586,P036,S003,2025-06-23,1850,47.7,2025-06-28,2025-06-28,W001
PO00587,P036,S003,2025-07-15,1550,47.7,2025-07-20,2025-07-20,W005
PO00588,P036,S003,2025-08-06,2000,47.7,2025-08-11,2025-08-11,W003
PO00589,P036,S003,2025-08-28,1950,47.7,2025-09-02,2025-09-02,W003
PO00590,P036,S003,2025-09-19,1550,47.7,2025-09-24,2025-09-24,W003
PO00591,P036,S003,2025-10-11,2050,47.7,2025-10-16,2025-10-16,W002
PO00592,P036,S003,2025-11-02,1650,47.7,2025-11-07,2025-11-07,W003
PO00593,P036,S003,2025-11-24,1350,47.7,2025-11-29,2025-11-29,W003
PO00594,P036,S003,2025-12-16,1450,47.7,2025-12-21,2025-12-21,W003
PO00595,P036,S003,2026-01-07,1700,47.7,2026-01-12,2026-01-12,W003
PO00596,P037,S016,2025-01-22,50,200.25,2025-01-25,2025-01-25,W005
PO00597,P037,S016,2025-02-11,40,200.25,2025-02-14,2025-02-14,W004
PO00598,P037,S005,2025-03-03,50,221.68,2025-03-15,2025-03-15,W005
PO00599,P037,S016,2025-03-23,50,200.25,2025-03-26,2025-03-26,W004
PO00600,P037,S005,2025-04-12,60,221.68,2025-04-24,2025-04-24,W004
PO00601,P037,S005,2025-05-02,60,221.68,2025-05-14,2025-05-16,W003
PO00602,P037,S005,2025-05-22,50,221.68,2025-06-03,2025-06-03,W005
PO00603,P037,S005,2025-06-11,50,221.68,2025-06-23,2025-06-23,W002
PO00604,P037,S005,2025-07-01,40,221.68,2025-07-13,2025-07-13,W004
PO00605,P037,S016,2025-07-21,50,200.25,2025-07-24,2025-07-24,W004
PO00606,P037,S005,2025-08-10,50,221.68,2025-08-22,2025-08-22,W004
PO00607,P037,S005,2025-08-30,50,221.68,2025-09-11,2025-09-11,W003
PO00608,P037,S005,2025-09-19,60,221.68,2025-10-01,2025-10-01,W005
PO00609,P037,S016,2025-10-09,50,200.25,2025-10-12,2025-10-12,W005
PO00610,P037,S016,2025-10-29,60,200.25,2025-11-01,2025-11-01,W002
PO00611,P037,S016,2025-11-18,60,200.25,2025-11-21,2025-11-21,W003
PO00612,P037,S005,2025-12-08,50,221.68,2025-12-20,2025-12-20,W003
PO00613,P037,S005,2025-12-28,60,221.68,2026-01-09,2026-01-10,W001
PO00614,P038,S018,2025-01-23,1600,115.35,2025-02-10,2025-02-10,W001
PO00615,P038,S018,2025-02-14,2200,115.35,2025-03-04,2025-03-04,W004
PO00616,P038,S018,2025-03-08,1800,115.35,2025-03-26,2025-03-26,W005
PO00617,P038,S018,2025-03-30,1800,115.35,2025-04-17,2025-04-17,W001
PO00618,P038,S018,2025-04-21,1800,115.35,2025-05-09,2025-05-12,W001
PO00619,P038,S018,2025-05-13,2200,115.35,2025-05-31,2025-05-31,W001
PO00620,P038,S018,2025-06-04,2000,115.35,2025-06-22,2025-06-23,W005
PO00621,P038,S018,2025-06-26,1800,115.35,2025-07-14,2025-07-14,W002
PO00622,P038,S018,2025-07-18,2200,115.35,2025-08-05,2025-08-05,W005
PO00623,P038,S018,2025-08-09,1800,115.35,2025-08-27,2025-08-27,W003
PO00624,P038,S018,2025-08-31,2000,115.35,2025-09-18,2025-09-18,W002
PO00625,P038,S018,2025-09-22,2000,115.35,2025-10-10,2025-10-10,W001
PO00626,P038,S018,2025-10-14,2400,115.35,2025-11-01,2025-11-01,W001
PO00627,P038,S018,2025-11-05,1600,115.35,2025-11-23,2025-11-23,W005
PO00628,P038,S018,2025-11-27,2000,115.35,2025-12-15,2025-12-15,W002
PO00629,P038,S018,2025-12-19,1600,115.35,2026-01-06,2026-01-06,W005
PO00630,P038,S018,2026-01-10,1800,115.35,2026-01-28,2026-01-28,W001
PO00631,P039,S009,2025-01-21,1500,244.07,2025-01-30,2025-02-02,W001
PO00632,P039,S008,2025-02-09,1500,225.64,2025-02-15,2025-02-15,W001
PO00633,P039,S009,2025-02-28,1925,244.07,2025-03-09,2025-03-09,W005
PO00634,P039,S009,2025-03-19,1550,244.07,2025-03-28,2025-03-28,W003
PO00635,P039,S009,2025-04-07,1225,244.07,2025-04-16,2025-04-16,W005
PO00636,P039,S009,2025-04-26,1600,244.07,2025-05-05,2025-05-05,W004
PO00637,P039,S009,2025-05-15,1375,244.07,2025-05-24,2025-05-24,W004
PO00638,P039,S009,2025-06-03,1525,244.07,2025-06-12,2025-06-12,W005
PO00639,P039,S009,2025-06-22,1100,244.07,2025-07-01,2025-07-01,W004
PO00640,P039,S008,2025-07-11,1375,225.64,2025-07-17,2025-07-17,W002
PO00641,P039,S009,2025-07-30,1450,244.07,2025-08-08,2025-08-08,W004
PO00642,P039,S009,2025-08-18,1450,244.07,2025-08-27,2025-08-27,W005
PO00643,P039,S008,2025-09-06,1700,225.64,2025-09-12,2025-09-19,W005
PO00644,P039,S008,2025-09-25,1375,225.64,2025-10-01,2025-10-01,W003
PO00645,P039,S009,2025-10-14,1625,244.07,2025-10-23,2025-10-24,W001
PO00646,P039,S009,2025-11-02,1575,244.07,2025-11-11,2025-11-11,W001
PO00647,P039,S009,2025-11-21,1325,244.07,2025-11-30,2025-11-30,W004
PO00648,P039,S009,2025-12-10,1300,244.07,2025-12-19,2025-12-19,W004
PO00649,P039,S008,2025-12-29,1225,225.64,2026-01-04,2026-01-04,W002
PO00650,P040,S012,2025-01-26,200,203.27,2025-02-04,2025-02-06,W004
PO00651,P040,S008,2025-02-18,200,214.83,2025-02-24,2025-02-24,W001
PO00652,P040,S012,2025-03-13,200,203.27,2025-03-22,2025-03-22,W004
PO00653,P040,S012,2025-04-05,200,203.27,2025-04-14,2025-04-14,W002
PO00654,P040,S012,2025-04-28,200,203.27,2025-05-07,2025-05-07,W004
PO00655,P040,S012,2025-05-21,200,203.27,2025-05-30,2025-05-30,W002
PO00656,P040,S012,2025-06-13,200,203.27,2025-06-22,2025-06-22,W002
PO00657,P040,S012,2025-07-06,200,203.27,2025-07-15,2025-07-15,W001
PO00658,P040,S008,2025-07-29,200,214.83,2025-08-04,2025-08-04,W004
PO00659,P040,S012,2025-08-21,200,203.27,2025-08-30,2025-08-30,W005
PO00660,P040,S008,2025-09-13,200,214.83,2025-09-19,2025-09-19,W002
PO00661,P040,S008,2025-10-06,200,214.83,2025-10-12,2025-10-12,W002
PO00662,P040,S012,2025-10-29,200,203.27,2025-11-07,2025-11-08,W004
PO00663,P040,S008,2025-11-21,200,214.83,2025-11-27,2025-11-27,W005
PO00664,P040,S008,2025-12-14,200,214.83,2025-12-20,2025-12-20,W004
PO00665,P040,S012,2026-01-06,200,203.27,2026-01-15,2026-01-15,W005
PO00666,P041,S016,2025-01-17,325,109.27,2025-01-20,2025-01-20,W004
PO00667,P041,S016,2025-02-05,300,109.27,2025-02-08,2025-02-11,W002
PO00668,P041,S016,2025-02-24,400,109.27,2025-02-27,2025-02-28,W002
PO00669,P041,S015,2025-03-15,400,101.03,2025-03-20,2025-03-20,W005
PO00670,P041,S004,2025-04-03,350,113.21,2025-04-08,2025-04-09,W005
PO00671,P041,S004,2025-04-22,375,113.21,2025-04-27,2025-05-02,W004
PO00672,P041,S015,2025-05-11,325,101.03,2025-05-16,2025-05-16,W005
PO00673,P041,S016,2025-05-30,400,109.27,2025-06-02,2025-06-02,W005
PO00674,P041,S004,2025-06-18,375,113.21,2025-06-23,2025-07-03,W002
PO00675,P041,S015,2025-07-07,325,101.03,2025-07-12,2025-07-14,W001
PO00676,P041,S016,2025-07-26,400,109.27,2025-07-29,2025-07-29,W005
PO00677,P041,S004,2025-08-14,350,113.21,2025-08-19,2025-08-21,W005
PO00678,P041,S015,2025-09-02,375,101.03,2025-09-07,2025-09-10,W003
PO00679,P041,S016,2025-09-21,400,109.27,2025-09-24,2025-09-24,W005
PO00680,P041,S004,2025-10-10,325,113.21,2025-10-15,2025-10-17,W002
PO00681,P041,S016,2025-10-29,375,109.27,2025-11-01,2025-11-02,W005
PO00682,P041,S015,2025-11-17,375,101.03,2025-11-22,2025-11-22,W005
PO00683,P041,S015,2025-12-06,275,101.03,2025-12-11,2025-12-11,W005
PO00684,P041,S016,2025-12-25,450,109.27,2025-12-28,2025-12-28,W005
PO00685,P042,S013,2025-01-17,1600,73.46,2025-01-21,2025-01-21,W005
PO00686,P042,S013,2025-02-06,1600,73.46,2025-02-10,2025-02-10,W003
PO00687,P042,S020,2025-02-26,1350,64.44,2025-03-13,2025-03-13,W004
PO00688,P042,S020,2025-03-18,1150,64.44,2025-04-02,2025-04-02,W005
PO00689,P042,S020,2025-04-07,1600,64.44,2025-04-22,2025-04-25,W005
PO00690,P042,S020,2025-04-27,1800,64.44,2025-05-12,2025-05-12,W003
PO00691,P042,S013,2025-05-17,1650,73.46,2025-05-21,2025-05-23,W004
PO00692,P042,S020,2025-06-06,1300,64.44,2025-06-21,2025-06-25,W004
PO00693,P042,S013,2025-06-26,1400,73.46,2025-06-30,2025-06-30,W004
PO00694,P042,S020,2025-07-16,1400,64.44,2025-07-31,2025-07-31,W004
PO00695,P042,S020,2025-08-05,1700,64.44,2025-08-20,2025-08-20,W005
PO00696,P042,S013,2025-08-25,1600,73.46,2025-08-29,2025-08-29,W004
PO00697,P042,S020,2025-09-14,1650,64.44,2025-09-29,2025-09-29,W002
PO00698,P042,S013,2025-10-04,1350,73.46,2025-10-08,2025-10-08,W001
PO00699,P042,S013,2025-10-24,1350,73.46,2025-10-28,2025-10-30,W003
PO00700,P042,S013,2025-11-13,1650,73.46,2025-11-17,2025-11-17,W003
PO00701,P042,S013,2025-12-03,1450,73.46,2025-12-07,2025-12-07,W003
PO00702,P042,S020,2025-12-23,1500,64.44,2026-01-07,2026-01-09,W003
PO00703,P043,S020,2025-01-27,1200,12.43,2025-02-11,2025-02-13,W005
PO00704,P043,S020,2025-02-21,1000,12.43,2025-03-08,2025-03-08,W003
PO00705,P043,S019,2025-03-18,1000,12.59,2025-03-29,2025-03-29,W002
PO00706,P043,S019,2025-04-12,1000,12.59,2025-04-23,2025-04-26,W005
PO00707,P043,S019,2025-05-07,800,12.59,2025-05-18,2025-05-18,W002
PO00708,P043,S020,2025-06-01,600,12.43,2025-06-16,2025-06-16,W003
PO00709,P043,S019,2025-06-26,800,12.59,2025-07-07,2025-07-07,W002
PO00710,P043,S020,2025-07-21,800,12.43,2025-08-05,2025-08-05,W002
PO00711,P043,S020,2025-08-15,1000,12.43,2025-08-30,2025-09-02,W003
PO00712,P043,S019,2025-09-09,600,12.59,2025-09-20,2025-09-20,W003
PO00713,P043,S019,2025-10-04,1000,12.59,2025-10-15,2025-10-15,W001
PO00714,P043,S020,2025-10-29,800,12.43,2025-11-13,2025-11-13,W001
PO00715,P043,S019,2025-11-23,1000,12.59,2025-12-04,2025-12-04,W002
PO00716,P043,S019,2025-12-18,1000,12.59,2025-12-29,2025-12-29,W001
PO00717,P044,S020,2025-01-16,630,159.13,2025-01-31,2025-02-02,W001
PO00718,P044,S020,2025-02-10,370,159.13,2025-02-25,2025-02-28,W003
PO00719,P044,S020,2025-03-07,400,159.13,2025-03-22,2025-03-22,W004
PO00720,P044,S020,2025-04-01,390,159.13,2025-04-16,2025-04-16,W003
PO00721,P044,S020,2025-04-26,640,159.13,2025-05-11,2025-05-11,W001
PO00722,P044,S020,2025-05-21,490,159.13,2025-06-05,2025-06-05,W003
PO00723,P044,S020,2025-06-15,410,159.13,2025-06-30,2025-07-08,W003
PO00724,P044,S020,2025-07-10,410,159.13,2025-07-25,2025-07-25,W003
PO00725,P044,S020,2025-08-04,500,159.13,2025-08-19,2025-08-19,W002
PO00726,P044,S020,2025-08-29,450,159.13,2025-09-13,2025-09-13,W003
PO00727,P044,S020,2025-09-23,480,159.13,2025-10-08,2025-10-09,W003
PO00728,P044,S020,2025-10-18,510,159.13,2025-11-02,2025-11-04,W003
PO00729,P044,S020,2025-11-12,560,159.13,2025-11-27,2025-11-27,W003
PO00730,P044,S020,2025-12-07,440,159.13,2025-12-22,2025-12-22,W003
PO00731,P044,S020,2026-01-01,520,159.13,2026-01-16,2026-01-16,W003
PO00732,P045,S019,2025-01-17,500,204.16,2025-01-28,2025-01-28,W004
PO00733,P045,S017,2025-02-09,400,200.56,2025-02-14,2025-02-14,W004
PO00734,P045,S019,2025-03-04,600,204.16,2025-03-15,2025-03-15,W004
PO00735,P045,S017,2025-03-27,500,200.56,2025-04-01,2025-04-01,W005
PO00736,P045,S017,2025-04-19,600,200.56,2025-04-24,2025-04-24,W001
PO00737,P045,S019,2025-05-12,400,204.16,2025-05-23,2025-05-23,W001
PO00738,P045,S019,2025-06-04,500,204.16,2025-06-15,2025-06-15,W001
PO00739,P045,S017,2025-06-27,600,200.56,2025-07-02,2025-07-02,W001
PO00740,P045,S017,2025-07-20,500,200.56,2025-07-25,2025-07-25,W004
PO00741,P045,S019,2025-08-12,500,204.16,2025-08-23,2025-08-23,W004
PO00742,P045,S017,2025-09-04,500,200.56,2025-09-09,2025-09-09,W001
PO00743,P045,S019,2025-09-27,500,204.16,2025-10-08,2025-10-08,W004
PO00744,P045,S017,2025-10-20,500,200.56,2025-10-25,2025-10-26,W001
PO00745,P045,S019,2025-11-12,600,204.16,2025-11-23,2025-11-23,W004
PO00746,P045,S017,2025-12-05,400,200.56,2025-12-10,2025-12-10,W004
PO00747,P045,S019,2025-12-28,400,204.16,2026-01-08,2026-01-08,W005
PO00748,P046,S018,2025-01-31,700,64.93,2025-02-18,2025-02-18,W003
PO00749,P046,S016,2025-02-23,550,64.94,2025-02-26,2025-02-26,W004
PO00750,P046,S016,2025-03-18,750,64.94,2025-03-21,2025-03-21,W005
PO00751,P046,S016,2025-04-10,500,64.94,2025-04-13,2025-04-14,W001
PO00752,P046,S016,2025-05-03,600,64.94,2025-05-06,2025-05-06,W001
PO00753,P046,S016,2025-05-26,500,64.94,2025-05-29,2025-05-29,W004
PO00754,P046,S016,2025-06-18,750,64.94,2025-06-21,2025-06-21,W005
PO00755,P046,S016,2025-07-11,600,64.94,2025-07-14,2025-07-14,W002
PO00756,P046,S016,2025-08-03,550,64.94,2025-08-06,2025-08-11,W004
PO00757,P046,S018,2025-08-26,700,64.93,2025-09-13,2025-09-13,W005
PO00758,P046,S016,2025-09-18,550,64.94,2025-09-21,2025-09-21,W005
PO00759,P046,S018,2025-10-11,600,64.93,2025-10-29,2025-11-01,W002
PO00760,P046,S016,2025-11-03,500,64.94,2025-11-06,2025-11-06,W004
PO00761,P046,S016,2025-11-26,550,64.94,2025-11-29,2025-11-29,W002
PO00762,P046,S016,2025-12-19,700,64.94,2025-12-22,2025-12-22,W002
PO00763,P047,S010,2025-01-22,800,92.94,2025-01-26,2025-01-26,W005
PO00764,P047,S014,2025-02-13,500,99.26,2025-03-05,2025-03-05,W002
PO00765,P047,S010,2025-03-07,700,92.94,2025-03-11,2025-03-11,W004
PO00766,P047,S010,2025-03-29,600,92.94,2025-04-02,2025-04-05,W005
PO00767,P047,S018,2025-04-20,600,105.02,2025-05-08,2025-05-08,W003
PO00768,P047,S010,2025-05-12,700,92.94,2025-05-16,2025-05-16,W004
PO00769,P047,S014,2025-06-03,500,99.26,2025-06-23,2025-06-25,W004
PO00770,P047,S018,2025-06-25,500,105.02,2025-07-13,2025-07-13,W004
PO00771,P047,S010,2025-07-17,600,92.94,2025-07-21,2025-07-24,W004
PO00772,P047,S014,2025-08-08,600,99.26,2025-08-28,2025-08-28,W001
PO00773,P047,S014,2025-08-30,600,99.26,2025-09-19,2025-09-19,W004
PO00774,P047,S014,2025-09-21,600,99.26,2025-10-11,2025-10-11,W005
PO00775,P047,S018,2025-10-13,700,105.02,2025-10-31,2025-10-31,W004
PO00776,P047,S018,2025-11-04,600,105.02,2025-11-22,2025-11-22,W004
PO00777,P047,S018,2025-11-26,600,105.02,2025-12-14,2025-12-14,W003
PO00778,P047,S010,2025-12-18,800,92.94,2025-12-22,2025-12-22,W003
PO00779,P047,S014,2026-01-09,600,99.26,2026-01-29,2026-01-29,W004
PO00780,P048,S012,2025-01-30,150,182.02,2025-02-08,2025-02-09,W004
PO00781,P048,S012,2025-02-17,150,182.02,2025-02-26,2025-02-26,W002
PO00782,P048,S012,2025-03-07,150,182.02,2025-03-16,2025-03-16,W004
PO00783,P048,S012,2025-03-25,200,182.02,2025-04-03,2025-04-03,W005
PO00784,P048,S007,2025-04-12,150,208.21,2025-04-15,2025-04-15,W005
PO00785,P048,S006,2025-04-30,150,207.8,2025-05-06,2025-05-06,W004
PO00786,P048,S012,2025-05-18,200,182.02,2025-05-27,2025-05-27,W005
PO00787,P048,S012,2025-06-05,150,182.02,2025-06-14,2025-06-17,W003
PO00788,P048,S006,2025-06-23,150,207.8,2025-06-29,2025-07-02,W003
PO00789,P048,S006,2025-07-11,200,207.8,2025-07-17,2025-07-20,W002
PO00790,P048,S012,2025-07-29,150,182.02,2025-08-07,2025-08-07,W001
PO00791,P048,S007,2025-08-16,200,208.21,2025-08-19,2025-08-19,W003
PO00792,P048,S006,2025-09-03,200,207.8,2025-09-09,2025-09-13,W004
PO00793,P048,S012,2025-09-21,150,182.02,2025-09-30,2025-10-04,W005
PO00794,P048,S006,2025-10-09,200,207.8,2025-10-15,2025-10-17,W003
PO00795,P048,S007,2025-10-27,200,208.21,2025-10-30,2025-10-30,W004
PO00796,P048,S012,2025-11-14,200,182.02,2025-11-23,2025-11-25,W004
PO00797,P048,S012,2025-12-02,200,182.02,2025-12-11,2025-12-11,W004
PO00798,P048,S006,2025-12-20,150,207.8,2025-12-26,2025-12-27,W003
PO00799,P048,S007,2026-01-07,150,208.21,2026-01-10,2026-01-10,W004
PO00800,P049,S006,2025-01-17,430,125.74,2025-01-23,2025-01-25,W002
PO00801,P049,S006,2025-02-11,400,125.74,2025-02-17,2025-02-20,W002
PO00802,P049,S006,2025-03-08,440,125.74,2025-03-14,2025-03-16,W003
PO00803,P049,S006,2025-04-02,370,125.74,2025-04-08,2025-04-10,W004
PO00804,P049,S006,2025-04-27,410,125.74,2025-05-03,2025-05-03,W002
PO00805,P049,S006,2025-05-22,370,125.74,2025-05-28,2025-05-28,W002
PO00806,P049,S006,2025-06-16,420,125.74,2025-06-22,2025-06-22,W002
PO00807,P049,S006,2025-07-11,400,125.74,2025-07-17,2025-07-23,W002
PO00808,P049,S006,2025-08-05,450,125.74,2025-08-11,2025-08-15,W003
PO00809,P049,S006,2025-08-30,350,125.74,2025-09-05,2025-09-14,W002
PO00810,P049,S006,2025-09-24,400,125.74,2025-09-30,2025-09-30,W002
PO00811,P049,S006,2025-10-19,470,125.74,2025-10-25,2025-10-31,W005
PO00812,P049,S006,2025-11-13,390,125.74,2025-11-19,2025-11-21,W002
PO00813,P049,S006,2025-12-08,350,125.74,2025-12-14,2025-12-14,W002
PO00814,P049,S006,2026-01-02,500,125.74,2026-01-08,2026-01-08,W002
PO00815,P050,S020,2025-01-24,1750,244.8,2025-02-08,2025-02-08,W003
PO00816,P050,S019,2025-02-17,1550,226.33,2025-02-28,2025-02-28,W004
PO00817,P050,S013,2025-03-13,1600,232.36,2025-03-17,2025-03-19,W004
PO00818,P050,S020,2025-04-06,1450,244.8,2025-04-21,2025-04-21,W002
PO00819,P050,S020,2025-04-30,1500,244.8,2025-05-15,2025-05-19,W002
PO00820,P050,S019,2025-05-24,1650,226.33,2025-06-04,2025-06-04,W001
PO00821,P050,S013,2025-06-17,1800,232.36,2025-06-21,2025-06-21,W004
PO00822,P050,S020,2025-07-11,1400,244.8,2025-07-26,2025-07-26,W004
PO00823,P050,S019,2025-08-04,1550,226.33,2025-08-15,2025-08-15,W004
PO00824,P050,S019,2025-08-28,1450,226.33,2025-09-08,2025-09-08,W005
PO00825,P050,S019,2025-09-21,1650,226.33,2025-10-02,2025-10-02,W001
PO00826,P050,S019,2025-10-15,1450,226.33,2025-10-26,2025-10-26,W004
PO00827,P050,S020,2025-11-08,1500,244.8,2025-11-23,2025-11-23,W005
PO00828,P050,S019,2025-12-02,1800,226.33,2025-12-13,2025-12-13,W001
PO00829,P050,S019,2025-12-26,1500,226.33,2026-01-06,2026-01-06,W002
PO00830,P051,S017,2025-01-26,800,10.55,2025-01-31,2025-01-31,W001
PO00831,P051,S017,2025-02-17,800,10.55,2025-02-22,2025-02-22,W003
PO00832,P051,S017,2025-03-11,800,10.55,2025-03-16,2025-03-16,W003
PO00833,P051,S017,2025-04-02,800,10.55,2025-04-07,2025-04-07,W001
PO00834,P051,S017,2025-04-24,800,10.55,2025-04-29,2025-04-29,W002
PO00835,P051,S017,2025-05-16,600,10.55,2025-05-21,2025-05-21,W001
PO00836,P051,S017,2025-06-07,600,10.55,2025-06-12,2025-06-12,W003
PO00837,P051,S017,2025-06-29,600,10.55,2025-07-04,2025-07-04,W003
PO00838,P051,S017,2025-07-21,600,10.55,2025-07-26,2025-07-26,W003
PO00839,P051,S017,2025-08-12,600,10.55,2025-08-17,2025-08-17,W003
PO00840,P051,S017,2025-09-03,600,10.55,2025-09-08,2025-09-08,W001
PO00841,P051,S017,2025-09-25,600,10.55,2025-09-30,2025-09-30,W001
PO00842,P051,S017,2025-10-17,800,10.55,2025-10-22,2025-10-22,W005
PO00843,P051,S017,2025-11-08,800,10.55,2025-11-13,2025-11-13,W003
PO00844,P051,S017,2025-11-30,600,10.55,2025-12-05,2025-12-06,W003
PO00845,P051,S017,2025-12-22,800,10.55,2025-12-27,2025-12-27,W003
PO00846,P052,S007,2025-01-19,2000,51.8,2025-01-22,2025-01-22,W001
PO00847,P052,S018,2025-02-07,1600,44.83,2025-02-25,2025-02-28,W003
PO00848,P052,S007,2025-02-26,1400,51.8,2025-03-01,2025-03-01,W001
PO00849,P052,S018,2025-03-17,1400,44.83,2025-04-04,2025-04-04,W004
PO00850,P052,S007,2025-04-05,1600,51.8,2025-04-08,2025-04-08,W001
PO00851,P052,S007,2025-04-24,1600,51.8,2025-04-27,2025-04-27,W001
PO00852,P052,S018,2025-05-13,1600,44.83,2025-05-31,2025-05-31,W004
PO00853,P052,S007,2025-06-01,1400,51.8,2025-06-04,2025-06-04,W003
PO00854,P052,S018,2025-06-20,1200,44.83,2025-07-08,2025-07-08,W003
PO00855,P052,S007,2025-07-09,1600,51.8,2025-07-12,2025-07-14,W005
PO00856,P052,S007,2025-07-28,1400,51.8,2025-07-31,2025-07-31,W001
PO00857,P052,S007,2025-08-16,1400,51.8,2025-08-19,2025-08-22,W001
PO00858,P052,S007,2025-09-04,1400,51.8,2025-09-07,2025-09-07,W001
PO00859,P052,S018,2025-09-23,1800,44.83,2025-10-11,2025-10-11,W003
PO00860,P052,S018,2025-10-12,1400,44.83,2025-10-30,2025-10-30,W003
PO00861,P052,S007,2025-10-31,1600,51.8,2025-11-03,2025-11-03,W003
PO00862,P052,S007,2025-11-19,1600,51.8,2025-11-22,2025-11-30,W003
PO00863,P052,S007,2025-12-08,1400,51.8,2025-12-11,2025-12-11,W003
PO00864,P052,S007,2025-12-27,1800,51.8,2025-12-30,2025-12-30,W001
PO00865,P053,S002,2025-01-30,800,141.48,2025-02-09,2025-02-09,W003
PO00866,P053,S002,2025-02-19,600,141.48,2025-03-01,2025-03-01,W002
PO00867,P053,S002,2025-03-11,600,141.48,2025-03-21,2025-03-22,W003
PO00868,P053,S002,2025-03-31,800,141.48,2025-04-10,2025-04-13,W004
PO00869,P053,S005,2025-04-20,600,157.44,2025-05-02,2025-05-02,W003
PO00870,P053,S005,2025-05-10,600,157.44,2025-05-22,2025-05-22,W001
PO00871,P053,S005,2025-05-30,600,157.44,2025-06-11,2025-06-11,W004
PO00872,P053,S002,2025-06-19,600,141.48,2025-06-29,2025-06-29,W003
PO00873,P053,S002,2025-07-09,800,141.48,2025-07-19,2025-07-19,W002
PO00874,P053,S005,2025-07-29,600,157.44,2025-08-10,2025-08-10,W003
PO00875,P053,S005,2025-08-18,600,157.44,2025-08-30,2025-09-06,W003
PO00876,P053,S005,2025-09-07,600,157.44,2025-09-19,2025-09-19,W004
PO00877,P053,S002,2025-09-27,600,141.48,2025-10-07,2025-10-07,W002
PO00878,P053,S002,2025-10-17,800,141.48,2025-10-27,2025-10-27,W005
PO00879,P053,S005,2025-11-06,800,157.44,2025-11-18,2025-11-18,W001
PO00880,P053,S002,2025-11-26,800,141.48,2025-12-06,2025-12-06,W003
PO00881,P053,S005,2025-12-16,600,157.44,2025-12-28,2025-12-28,W003
PO00882,P053,S002,2026-01-05,600,141.48,2026-01-15,2026-01-15,W004
PO00883,P054,S005,2025-01-17,1000,252.92,2025-01-29,2025-01-29,W001
PO00884,P054,S010,2025-02-04,1400,222.76,2025-02-08,2025-02-08,W002
PO00885,P054,S005,2025-02-22,1200,252.92,2025-03-06,2025-03-06,W002
PO00886,P054,S010,2025-03-12,1100,222.76,2025-03-16,2025-03-16,W004
PO00887,P054,S005,2025-03-30,1300,252.92,2025-04-11,2025-04-11,W002
PO00888,P054,S010,2025-04-17,1300,222.76,2025-04-21,2025-04-21,W002
PO00889,P054,S010,2025-05-05,1300,222.76,2025-05-09,2025-05-09,W002
PO00890,P054,S005,2025-05-23,1400,252.92,2025-06-04,2025-06-04,W002
PO00891,P054,S010,2025-06-10,1200,222.76,2025-06-14,2025-06-14,W005
PO00892,P054,S005,2025-06-28,1200,252.92,2025-07-10,2025-07-10,W005
PO00893,P054,S010,2025-07-16,1400,222.76,2025-07-20,2025-07-20,W002
PO00894,P054,S010,2025-08-03,1100,222.76,2025-08-07,2025-08-07,W005
PO00895,P054,S010,2025-08-21,1400,222.76,2025-08-25,2025-08-27,W005
PO00896,P054,S010,2025-09-08,1300,222.76,2025-09-12,2025-09-12,W004
PO00897,P054,S010,2025-09-26,1200,222.76,2025-09-30,2025-09-30,W002
PO00898,P054,S005,2025-10-14,1200,252.92,2025-10-26,2025-10-26,W002
PO00899,P054,S005,2025-11-01,1200,252.92,2025-11-13,2025-11-15,W002
PO00900,P054,S010,2025-11-19,1400,222.76,2025-11-23,2025-12-02,W001
PO00901,P054,S005,2025-12-07,1200,252.92,2025-12-19,2025-12-19,W002
PO00902,P054,S005,2025-12-25,1300,252.92,2026-01-06,2026-01-06,W002
PO00903,P055,S008,2025-01-27,480,138.12,2025-02-02,2025-02-02,W003
PO00904,P055,S012,2025-02-19,500,152.41,2025-02-28,2025-03-01,W005
PO00905,P055,S012,2025-03-14,550,152.41,2025-03-23,2025-03-23,W003
PO00906,P055,S008,2025-04-06,410,138.12,2025-04-12,2025-04-12,W004
PO00907,P055,S008,2025-04-29,650,138.12,2025-05-05,2025-05-05,W003
PO00908,P055,S008,2025-05-22,400,138.12,2025-05-28,2025-05-28,W005
PO00909,P055,S008,2025-06-14,470,138.12,2025-06-20,2025-06-20,W005
PO00910,P055,S008,2025-07-07,540,138.12,2025-07-13,2025-07-13,W005
PO00911,P055,S008,2025-07-30,460,138.12,2025-08-05,2025-08-05,W003
PO00912,P055,S012,2025-08-22,440,152.41,2025-08-31,2025-08-31,W005
PO00913,P055,S008,2025-09-14,560,138.12,2025-09-20,2025-09-20,W003
PO00914,P055,S008,2025-10-07,470,138.12,2025-10-13,2025-10-13,W003
PO00915,P055,S012,2025-10-30,440,152.41,2025-11-08,2025-11-08,W004
PO00916,P055,S008,2025-11-22,510,138.12,2025-11-28,2025-11-28,W003
PO00917,P055,S008,2025-12-15,530,138.12,2025-12-21,2025-12-21,W005
PO00918,P055,S008,2026-01-07,470,138.12,2026-01-13,2026-01-13,W005
PO00919,P056,S015,2025-01-20,600,45.32,2025-01-25,2025-01-25,W003
PO00920,P056,S015,2025-02-13,600,45.32,2025-02-18,2025-02-18,W005
PO00921,P056,S003,2025-03-09,600,44.24,2025-03-14,2025-03-14,W002
PO00922,P056,S003,2025-04-02,600,44.24,2025-04-07,2025-04-07,W004
PO00923,P056,S015,2025-04-26,600,45.32,2025-05-01,2025-05-01,W004
PO00924,P056,S015,2025-05-20,600,45.32,2025-05-25,2025-05-25,W004
PO00925,P056,S003,2025-06-13,600,44.24,2025-06-18,2025-06-18,W004
PO00926,P056,S003,2025-07-07,600,44.24,2025-07-12,2025-07-12,W004
PO00927,P056,S003,2025-07-31,600,44.24,2025-08-05,2025-08-05,W004
PO00928,P056,S015,2025-08-24,600,45.32,2025-08-29,2025-08-29,W004
PO00929,P056,S015,2025-09-17,600,45.32,2025-09-22,2025-09-22,W005
PO00930,P056,S015,2025-10-11,800,45.32,2025-10-16,2025-10-16,W004
PO00931,P056,S015,2025-11-04,600,45.32,2025-11-09,2025-11-09,W004
PO00932,P056,S015,2025-11-28,600,45.32,2025-12-03,2025-12-03,W001
PO00933,P056,S003,2025-12-22,600,44.24,2025-12-27,2025-12-27,W004
PO00934,P057,S016,2025-01-17,200,108.3,2025-01-20,2025-01-20,W001
PO00935,P057,S016,2025-02-05,200,108.3,2025-02-08,2025-02-10,W004
PO00936,P057,S016,2025-02-24,200,108.3,2025-02-27,2025-02-27,W005
PO00937,P057,S016,2025-03-15,200,108.3,2025-03-18,2025-03-18,W005
PO00938,P057,S016,2025-04-03,200,108.3,2025-04-06,2025-04-09,W005
PO00939,P057,S016,2025-04-22,200,108.3,2025-04-25,2025-05-05,W004
PO00940,P057,S016,2025-05-11,200,108.3,2025-05-14,2025-05-14,W002
PO00941,P057,S016,2025-05-30,200,108.3,2025-06-02,2025-06-02,W005
PO00942,P057,S016,2025-06-18,200,108.3,2025-06-21,2025-06-21,W004
PO00943,P057,S016,2025-07-07,200,108.3,2025-07-10,2025-07-10,W005
PO00944,P057,S016,2025-07-26,200,108.3,2025-07-29,2025-07-29,W005
PO00945,P057,S016,2025-08-14,200,108.3,2025-08-17,2025-08-17,W005
PO00946,P057,S016,2025-09-02,200,108.3,2025-09-05,2025-09-05,W001
PO00947,P057,S016,2025-09-21,200,108.3,2025-09-24,2025-09-24,W005
PO00948,P057,S016,2025-10-10,200,108.3,2025-10-13,2025-10-13,W001
PO00949,P057,S016,2025-10-29,200,108.3,2025-11-01,2025-11-01,W005
PO00950,P057,S016,2025-11-17,200,108.3,2025-11-20,2025-11-20,W004
PO00951,P057,S016,2025-12-06,200,108.3,2025-12-09,2025-12-10,W005
PO00952,P057,S016,2025-12-25,200,108.3,2025-12-28,2025-12-28,W004
PO00953,P058,S005,2025-01-22,650,121.02,2025-02-03,2025-02-03,W001
PO00954,P058,S016,2025-02-16,500,127.43,2025-02-19,2025-02-19,W002
PO00955,P058,S016,2025-03-13,500,127.43,2025-03-16,2025-03-16,W004
PO00956,P058,S005,2025-04-07,650,121.02,2025-04-19,2025-04-19,W003
PO00957,P058,S016,2025-05-02,500,127.43,2025-05-05,2025-05-05,W004
PO00958,P058,S016,2025-05-27,550,127.43,2025-05-30,2025-05-30,W001
PO00959,P058,S016,2025-06-21,500,127.43,2025-06-24,2025-06-24,W005
PO00960,P058,S005,2025-07-16,550,121.02,2025-07-28,2025-07-28,W002
PO00961,P058,S016,2025-08-10,500,127.43,2025-08-13,2025-08-13,W001
PO00962,P058,S016,2025-09-04,450,127.43,2025-09-07,2025-09-07,W001
PO00963,P058,S005,2025-09-29,550,121.02,2025-10-11,2025-10-11,W002
PO00964,P058,S005,2025-10-24,400,121.02,2025-11-05,2025-11-05,W001
PO00965,P058,S016,2025-11-18,650,127.43,2025-11-21,2025-11-21,W003
PO00966,P058,S005,2025-12-13,500,121.02,2025-12-25,2025-12-25,W005
PO00967,P058,S005,2026-01-07,550,121.02,2026-01-19,2026-01-19,W002
PO00968,P059,S011,2025-01-31,410,93.71,2025-02-18,2025-02-26,W005
PO00969,P059,S011,2025-02-25,320,93.71,2025-03-15,2025-03-15,W005
PO00970,P059,S011,2025-03-22,500,93.71,2025-04-09,2025-04-15,W005
PO00971,P059,S011,2025-04-16,450,93.71,2025-05-04,2025-05-04,W004
PO00972,P059,S011,2025-05-11,360,93.71,2025-05-29,2025-05-29,W003
PO00973,P059,S011,2025-06-05,380,93.71,2025-06-23,2025-06-24,W005
PO00974,P059,S011,2025-06-30,480,93.71,2025-07-18,2025-07-20,W002
PO00975,P059,S011,2025-07-25,320,93.71,2025-08-12,2025-08-22,W005
PO00976,P059,S011,2025-08-19,350,93.71,2025-09-06,2025-09-09,W003
PO00977,P059,S011,2025-09-13,410,93.71,2025-10-01,2025-10-02,W003
PO00978,P059,S011,2025-10-08,340,93.71,2025-10-26,2025-10-29,W005
PO00979,P059,S011,2025-11-02,420,93.71,2025-11-20,2025-11-20,W002
PO00980,P059,S011,2025-11-27,370,93.71,2025-12-15,2025-12-15,W005
PO00981,P059,S011,2025-12-22,330,93.71,2026-01-09,2026-01-12,W002
PO00982,P060,S007,2025-01-29,950,89.33,2025-02-01,2025-02-01,W001
PO00983,P060,S007,2025-02-18,800,89.33,2025-02-21,2025-02-21,W004
PO00984,P060,S007,2025-03-10,650,89.33,2025-03-13,2025-03-13,W001
PO00985,P060,S007,2025-03-30,650,89.33,2025-04-02,2025-04-02,W004
PO00986,P060,S007,2025-04-19,800,89.33,2025-04-22,2025-04-22,W004
PO00987,P060,S007,2025-05-09,650,89.33,2025-05-12,2025-05-12,W001
PO00988,P060,S007,2025-05-29,600,89.33,2025-06-01,2025-06-01,W004
PO00989,P060,S007,2025-06-18,650,89.33,2025-06-21,2025-06-21,W004
PO00990,P060,S007,2025-07-08,950,89.33,2025-07-11,2025-07-11,W001
PO00991,P060,S007,2025-07-28,700,89.33,2025-07-31,2025-07-31,W003
PO00992,P060,S007,2025-08-17,900,89.33,2025-08-20,2025-08-20,W004
PO00993,P060,S007,2025-09-06,700,89.33,2025-09-09,2025-09-09,W001
PO00994,P060,S007,2025-09-26,600,89.33,2025-09-29,2025-09-29,W002
PO00995,P060,S007,2025-10-16,850,89.33,2025-10-19,2025-10-19,W005
PO00996,P060,S007,2025-11-05,750,89.33,2025-11-08,2025-11-08,W004
PO00997,P060,S007,2025-11-25,750,89.33,2025-11-28,2025-11-28,W004
PO00998,P060,S007,2025-12-15,700,89.33,2025-12-18,2025-12-18,W001
PO00999,P060,S007,2026-01-04,700,89.33,2026-01-07,2026-01-07,W004
PO01000,P061,S017,2025-01-17,1000,154.11,2025-01-22,2025-01-22,W004
PO01001,P061,S005,2025-02-04,1000,155.21,2025-02-16,2025-02-16,W002
PO01002,P061,S005,2025-02-22,1000,155.21,2025-03-06,2025-03-09,W002
PO01003,P061,S017,2025-03-12,1000,154.11,2025-03-17,2025-03-20,W002
PO01004,P061,S005,2025-03-30,800,155.21,2025-04-11,2025-04-11,W002
PO01005,P061,S005,2025-04-17,800,155.21,2025-04-29,2025-04-29,W001
PO01006,P061,S017,2025-05-05,800,154.11,2025-05-10,2025-05-10,W002
PO01007,P061,S005,2025-05-23,800,155.21,2025-06-04,2025-06-04,W003
PO01008,P061,S005,2025-06-10,800,155.21,2025-06-22,2025-06-22,W003
PO01009,P061,S005,2025-06-28,800,155.21,2025-07-10,2025-07-10,W001
PO01010,P061,S005,2025-07-16,800,155.21,2025-07-28,2025-07-28,W002
PO01011,P061,S005,2025-08-03,1000,155.21,2025-08-15,2025-08-21,W002
PO01012,P061,S005,2025-08-21,800,155.21,2025-09-02,2025-09-02,W002
PO01013,P061,S005,2025-09-08,1000,155.21,2025-09-20,2025-09-23,W002
PO01014,P061,S017,2025-09-26,1000,154.11,2025-10-01,2025-10-05,W002
PO01015,P061,S017,2025-10-14,800,154.11,2025-10-19,2025-10-21,W005
PO01016,P061,S017,2025-11-01,800,154.11,2025-11-06,2025-11-06,W002
PO01017,P061,S017,2025-11-19,800,154.11,2025-11-24,2025-11-24,W002
PO01018,P061,S005,2025-12-07,800,155.21,2025-12-19,2025-12-22,W002
PO01019,P061,S017,2025-12-25,1000,154.11,2025-12-30,2025-12-30,W002
PO01020,P062,S010,2025-01-28,1600,194.23,2025-02-01,2025-02-01,W003
PO01021,P062,S002,2025-02-16,1550,212.88,2025-02-26,2025-02-26,W002
PO01022,P062,S003,2025-03-07,1400,205.71,2025-03-12,2025-03-12,W004
PO01023,P062,S003,2025-03-26,1450,205.71,2025-03-31,2025-03-31,W002
PO01024,P062,S003,2025-04-14,1300,205.71,2025-04-19,2025-04-21,W004
PO01025,P062,S003,2025-05-03,2000,205.71,2025-05-08,2025-05-08,W004
PO01026,P062,S010,2025-05-22,1550,194.23,2025-05-26,2025-05-26,W002
PO01027,P062,S002,2025-06-10,1550,212.88,2025-06-20,2025-06-20,W004
PO01028,P062,S003,2025-06-29,1650,205.71,2025-07-04,2025-07-04,W005
PO01029,P062,S010,2025-07-18,1550,194.23,2025-07-22,2025-07-22,W002
PO01030,P062,S003,2025-08-06,1550,205.71,2025-08-11,2025-08-11,W005
PO01031,P062,S010,2025-08-25,2100,194.23,2025-08-29,2025-08-29,W002
PO01032,P062,S003,2025-09-13,1550,205.71,2025-09-18,2025-09-18,W002
PO01033,P062,S002,2025-10-02,1400,212.88,2025-10-12,2025-10-12,W004
PO01034,P062,S010,2025-10-21,1400,194.23,2025-10-25,2025-10-25,W005
PO01035,P062,S003,2025-11-09,1900,205.71,2025-11-14,2025-11-14,W005
PO01036,P062,S010,2025-11-28,1400,194.23,2025-12-02,2025-12-02,W002
PO01037,P062,S010,2025-12-17,1400,194.23,2025-12-21,2025-12-24,W004
PO01038,P062,S002,2026-01-05,1650,212.88,2026-01-15,2026-01-15,W003
PO01039,P063,S012,2025-01-23,600,141.67,2025-02-01,2025-02-01,W002
PO01040,P063,S012,2025-02-12,600,141.67,2025-02-21,2025-03-03,W002
PO01041,P063,S012,2025-03-04,800,141.67,2025-03-13,2025-03-13,W004
PO01042,P063,S012,2025-03-24,600,141.67,2025-04-02,2025-04-02,W001
PO01043,P063,S012,2025-04-13,800,141.67,2025-04-22,2025-04-22,W003
PO01044,P063,S012,2025-05-03,600,141.67,2025-05-12,2025-05-12,W004
PO01045,P063,S012,2025-05-23,600,141.67,2025-06-01,2025-06-02,W002
PO01046,P063,S012,2025-06-12,800,141.67,2025-06-21,2025-06-25,W004
PO01047,P063,S012,2025-07-02,600,141.67,2025-07-11,2025-07-12,W005
PO01048,P063,S012,2025-07-22,800,141.67,2025-07-31,2025-08-03,W005
PO01049,P063,S012,2025-08-11,600,141.67,2025-08-20,2025-08-20,W001
PO01050,P063,S012,2025-08-31,800,141.67,2025-09-09,2025-09-09,W004
PO01051,P063,S012,2025-09-20,800,141.67,2025-09-29,2025-09-29,W002
PO01052,P063,S012,2025-10-10,800,141.67,2025-10-19,2025-10-25,W002
PO01053,P063,S012,2025-10-30,600,141.67,2025-11-08,2025-11-12,W003
PO01054,P063,S012,2025-11-19,800,141.67,2025-11-28,2025-11-28,W004
PO01055,P063,S012,2025-12-09,600,141.67,2025-12-18,2025-12-18,W002
PO01056,P063,S012,2025-12-29,800,141.67,2026-01-07,2026-01-07,W004
PO01057,P064,S019,2025-01-25,980,194.37,2025-02-05,2025-02-07,W003
PO01058,P064,S019,2025-02-15,950,194.37,2025-02-26,2025-02-26,W003
PO01059,P064,S019,2025-03-08,890,194.37,2025-03-19,2025-03-19,W004
PO01060,P064,S006,2025-03-29,860,172.57,2025-04-04,2025-04-04,W002
PO01061,P064,S019,2025-04-19,970,194.37,2025-04-30,2025-04-30,W005
PO01062,P064,S019,2025-05-10,870,194.37,2025-05-21,2025-05-21,W001
PO01063,P064,S019,2025-05-31,710,194.37,2025-06-11,2025-06-11,W001
PO01064,P064,S019,2025-06-21,680,194.37,2025-07-02,2025-07-02,W002
PO01065,P064,S006,2025-07-12,950,172.57,2025-07-18,2025-07-21,W005
PO01066,P064,S006,2025-08-02,680,172.57,2025-08-08,2025-08-10,W002
PO01067,P064,S019,2025-08-23,690,194.37,2025-09-03,2025-09-03,W005
PO01068,P064,S019,2025-09-13,1080,194.37,2025-09-24,2025-09-24,W003
PO01069,P064,S006,2025-10-04,880,172.57,2025-10-10,2025-10-19,W002
PO01070,P064,S019,2025-10-25,790,194.37,2025-11-05,2025-11-05,W005
PO01071,P064,S019,2025-11-15,950,194.37,2025-11-26,2025-11-26,W003
PO01072,P064,S019,2025-12-06,830,194.37,2025-12-17,2025-12-17,W002
PO01073,P064,S019,2025-12-27,1130,194.37,2026-01-07,2026-01-07,W005
PO01074,P065,S017,2025-01-31,140,171.58,2025-02-05,2025-02-05,W005
PO01075,P065,S008,2025-02-18,210,178.29,2025-02-24,2025-02-24,W004
PO01076,P065,S008,2025-03-08,140,178.29,2025-03-14,2025-03-14,W003
PO01077,P065,S017,2025-03-26,130,171.58,2025-03-31,2025-03-31,W002
PO01078,P065,S008,2025-04-13,190,178.29,2025-04-19,2025-04-19,W002
PO01079,P065,S017,2025-05-01,180,171.58,2025-05-06,2025-05-06,W003
PO01080,P065,S008,2025-05-19,200,178.29,2025-05-25,2025-05-25,W002
PO01081,P065,S017,2025-06-06,210,171.58,2025-06-11,2025-06-11,W002
PO01082,P065,S017,2025-06-24,140,171.58,2025-06-29,2025-06-29,W003
PO01083,P065,S008,2025-07-12,180,178.29,2025-07-18,2025-07-18,W004
PO01084,P065,S008,2025-07-30,150,178.29,2025-08-05,2025-08-05,W005
PO01085,P065,S008,2025-08-17,210,178.29,2025-08-23,2025-08-23,W003
PO01086,P065,S008,2025-09-04,180,178.29,2025-09-10,2025-09-10,W003
PO01087,P065,S008,2025-09-22,160,178.29,2025-09-28,2025-09-28,W003
PO01088,P065,S008,2025-10-10,190,178.29,2025-10-16,2025-10-16,W002
PO01089,P065,S017,2025-10-28,120,171.58,2025-11-02,2025-11-02,W005
PO01090,P065,S017,2025-11-15,190,171.58,2025-11-20,2025-11-24,W003
PO01091,P065,S017,2025-12-03,180,171.58,2025-12-08,2025-12-08,W004
PO01092,P065,S008,2025-12-21,150,178.29,2025-12-27,2025-12-27,W002
PO01093,P065,S017,2026-01-08,150,171.58,2026-01-13,2026-01-13,W001
PO01094,P066,S010,2025-01-16,350,121.15,2025-01-20,2025-01-20,W001
PO01095,P066,S003,2025-02-09,290,134.92,2025-02-14,2025-02-14,W003
PO01096,P066,S010,2025-03-05,310,121.15,2025-03-09,2025-03-09,W001
PO01097,P066,S010,2025-03-29,260,121.15,2025-04-02,2025-04-02,W003
PO01098,P066,S010,2025-04-22,270,121.15,2025-04-26,2025-04-27,W003
PO01099,P066,S010,2025-05-16,350,121.15,2025-05-20,2025-05-20,W003
PO01100,P066,S003,2025-06-09,290,134.92,2025-06-14,2025-06-16,W003
PO01101,P066,S010,2025-07-03,290,121.15,2025-07-07,2025-07-07,W003
PO01102,P066,S003,2025-07-27,290,134.92,2025-08-01,2025-08-01,W005
PO01103,P066,S003,2025-08-20,320,134.92,2025-08-25,2025-08-25,W003
PO01104,P066,S003,2025-09-13,390,134.92,2025-09-18,2025-09-18,W005
PO01105,P066,S003,2025-10-07,370,134.92,2025-10-12,2025-10-12,W002
PO01106,P066,S003,2025-10-31,350,134.92,2025-11-05,2025-11-05,W002
PO01107,P066,S010,2025-11-24,310,121.15,2025-11-28,2025-11-28,W003
PO01108,P066,S003,2025-12-18,360,134.92,2025-12-23,2025-12-23,W002
PO01109,P067,S015,2025-01-25,1400,188.42,2025-01-30,2025-01-30,W005
PO01110,P067,S015,2025-02-17,1600,188.42,2025-02-22,2025-02-22,W004
PO01111,P067,S015,2025-03-12,1200,188.42,2025-03-17,2025-03-17,W005
PO01112,P067,S015,2025-04-04,1600,188.42,2025-04-09,2025-04-09,W002
PO01113,P067,S015,2025-04-27,1600,188.42,2025-05-02,2025-05-02,W002
PO01114,P067,S015,2025-05-20,1400,188.42,2025-05-25,2025-05-28,W003
PO01115,P067,S015,2025-06-12,1400,188.42,2025-06-17,2025-06-17,W001
PO01116,P067,S016,2025-07-05,1400,181.84,2025-07-08,2025-07-08,W004
PO01117,P067,S015,2025-07-28,1200,188.42,2025-08-02,2025-08-02,W005
PO01118,P067,S016,2025-08-20,1200,181.84,2025-08-23,2025-08-23,W004
PO01119,P067,S015,2025-09-12,1200,188.42,2025-09-17,2025-09-17,W002
PO01120,P067,S015,2025-10-05,1400,188.42,2025-10-10,2025-10-10,W001
PO01121,P067,S016,2025-10-28,1200,181.84,2025-10-31,2025-10-31,W003
PO01122,P067,S016,2025-11-20,1400,181.84,2025-11-23,2025-11-23,W004
PO01123,P067,S016,2025-12-13,1200,181.84,2025-12-16,2025-12-16,W001
PO01124,P067,S016,2026-01-05,1600,181.84,2026-01-08,2026-01-08,W004
PO01125,P068,S018,2025-01-29,600,157.71,2025-02-16,2025-02-16,W005
PO01126,P068,S018,2025-02-16,500,157.71,2025-03-06,2025-03-06,W005
PO01127,P068,S018,2025-03-06,600,157.71,2025-03-24,2025-03-24,W005
PO01128,P068,S017,2025-03-24,600,159.66,2025-03-29,2025-03-29,W002
PO01129,P068,S018,2025-04-11,400,157.71,2025-04-29,2025-04-29,W004
PO01130,P068,S018,2025-04-29,400,157.71,2025-05-17,2025-05-17,W003
PO01131,P068,S017,2025-05-17,600,159.66,2025-05-22,2025-05-22,W005
PO01132,P068,S018,2025-06-04,500,157.71,2025-06-22,2025-06-22,W005
PO01133,P068,S017,2025-06-22,600,159.66,2025-06-27,2025-06-27,W003
PO01134,P068,S018,2025-07-10,600,157.71,2025-07-28,2025-07-28,W002
PO01135,P068,S018,2025-07-28,400,157.71,2025-08-15,2025-08-15,W002
PO01136,P068,S018,2025-08-15,400,157.71,2025-09-02,2025-09-02,W002
PO01137,P068,S017,2025-09-02,500,159.66,2025-09-07,2025-09-08,W002
PO01138,P068,S017,2025-09-20,500,159.66,2025-09-25,2025-09-25,W002
PO01139,P068,S017,2025-10-08,600,159.66,2025-10-13,2025-10-15,W005
PO01140,P068,S018,2025-10-26,500,157.71,2025-11-13,2025-11-13,W002
PO01141,P068,S018,2025-11-13,500,157.71,2025-12-01,2025-12-01,W005
PO01142,P068,S017,2025-12-01,500,159.66,2025-12-06,2025-12-06,W002
PO01143,P068,S017,2025-12-19,500,159.66,2025-12-24,2025-12-24,W005
PO01144,P068,S018,2026-01-06,600,157.71,2026-01-24,2026-01-24,W003
PO01145,P069,S017,2025-01-19,1300,72.54,2025-01-24,2025-01-24,W005
PO01146,P069,S016,2025-02-12,1500,73.62,2025-02-15,2025-02-15,W002
PO01147,P069,S016,2025-03-08,1200,73.62,2025-03-11,2025-03-11,W005
PO01148,P069,S017,2025-04-01,1100,72.54,2025-04-06,2025-04-08,W002
PO01149,P069,S017,2025-04-25,1400,72.54,2025-04-30,2025-04-30,W002
PO01150,P069,S016,2025-05-19,1400,73.62,2025-05-22,2025-05-22,W003
PO01151,P069,S017,2025-06-12,1200,72.54,2025-06-17,2025-06-17,W005
PO01152,P069,S016,2025-07-06,1200,73.62,2025-07-09,2025-07-09,W003
PO01153,P069,S017,2025-07-30,1300,72.54,2025-08-04,2025-08-04,W001
PO01154,P069,S016,2025-08-23,1200,73.62,2025-08-26,2025-08-26,W005
PO01155,P069,S016,2025-09-16,1300,73.62,2025-09-19,2025-09-23,W002
PO01156,P069,S017,2025-10-10,1500,72.54,2025-10-15,2025-10-16,W002
PO01157,P069,S017,2025-11-03,1100,72.54,2025-11-08,2025-11-08,W003
PO01158,P069,S016,2025-11-27,1100,73.62,2025-11-30,2025-11-30,W004
PO01159,P069,S016,2025-12-21,1300,73.62,2025-12-24,2025-12-25,W003
PO01160,P070,S005,2025-01-20,350,229.44,2025-02-01,2025-02-01,W001
PO01161,P070,S013,2025-02-14,300,240.74,2025-02-18,2025-02-18,W004
PO01162,P070,S013,2025-03-11,250,240.74,2025-03-15,2025-03-15,W002
PO01163,P070,S005,2025-04-05,300,229.44,2025-04-17,2025-04-17,W002
PO01164,P070,S005,2025-04-30,350,229.44,2025-05-12,2025-05-12,W004
PO01165,P070,S012,2025-05-25,350,244.07,2025-06-03,2025-06-03,W004
PO01166,P070,S005,2025-06-19,350,229.44,2025-07-01,2025-07-01,W002
PO01167,P070,S013,2025-07-14,350,240.74,2025-07-18,2025-07-20,W002
PO01168,P070,S005,2025-08-08,350,229.44,2025-08-20,2025-08-20,W002
PO01169,P070,S013,2025-09-02,250,240.74,2025-09-06,2025-09-08,W004
PO01170,P070,S012,2025-09-27,400,244.07,2025-10-06,2025-10-06,W004
PO01171,P070,S005,2025-10-22,300,229.44,2025-11-03,2025-11-04,W003
PO01172,P070,S005,2025-11-16,300,229.44,2025-11-28,2025-11-28,W004
PO01173,P070,S013,2025-12-11,350,240.74,2025-12-15,2025-12-15,W002
PO01174,P070,S005,2026-01-05,400,229.44,2026-01-17,2026-01-17,W003
PO01175,P071,S004,2025-01-21,600,139.41,2025-01-26,2025-02-01,W005
PO01176,P071,S010,2025-02-12,400,150.85,2025-02-16,2025-02-16,W002
PO01177,P071,S010,2025-03-06,600,150.85,2025-03-10,2025-03-10,W002
PO01178,P071,S010,2025-03-28,400,150.85,2025-04-01,2025-04-01,W002
PO01179,P071,S010,2025-04-19,600,150.85,2025-04-23,2025-04-23,W003
PO01180,P071,S010,2025-05-11,400,150.85,2025-05-15,2025-05-15,W002
PO01181,P071,S004,2025-06-02,600,139.41,2025-06-07,2025-06-11,W005
PO01182,P071,S010,2025-06-24,400,150.85,2025-06-28,2025-07-01,W005
PO01183,P071,S010,2025-07-16,600,150.85,2025-07-20,2025-07-20,W002
PO01184,P071,S004,2025-08-07,400,139.41,2025-08-12,2025-08-21,W004
PO01185,P071,S010,2025-08-29,600,150.85,2025-09-02,2025-09-02,W002
PO01186,P071,S010,2025-09-20,600,150.85,2025-09-24,2025-09-24,W005
PO01187,P071,S010,2025-10-12,600,150.85,2025-10-16,2025-10-16,W002
PO01188,P071,S004,2025-11-03,400,139.41,2025-11-08,2025-11-10,W004
PO01189,P071,S004,2025-11-25,400,139.41,2025-11-30,2025-11-30,W005
PO01190,P071,S010,2025-12-17,600,150.85,2025-12-21,2025-12-24,W005
PO01191,P071,S004,2026-01-08,400,139.41,2026-01-13,2026-01-22,W005
PO01192,P072,S007,2025-01-16,200,145.27,2025-01-19,2025-01-19,W003
PO01193,P072,S007,2025-02-08,200,145.27,2025-02-11,2025-02-11,W003
PO01194,P072,S015,2025-03-03,200,141.56,2025-03-08,2025-03-08,W002
PO01195,P072,S007,2025-03-26,200,145.27,2025-03-29,2025-03-29,W002
PO01196,P072,S015,2025-04-18,200,141.56,2025-04-23,2025-04-23,W004
PO01197,P072,S007,2025-05-11,200,145.27,2025-05-14,2025-05-24,W001
PO01198,P072,S009,2025-06-03,200,134.62,2025-06-12,2025-06-12,W001
PO01199,P072,S007,2025-06-26,200,145.27,2025-06-29,2025-06-29,W004
PO01200,P072,S009,2025-07-19,200,134.62,2025-07-28,2025-07-28,W004
PO01201,P072,S007,2025-08-11,200,145.27,2025-08-14,2025-08-14,W001
PO01202,P072,S009,2025-09-03,200,134.62,2025-09-12,2025-09-12,W003
PO01203,P072,S009,2025-09-26,200,134.62,2025-10-05,2025-10-05,W004
PO01204,P072,S007,2025-10-19,200,145.27,2025-10-22,2025-10-22,W004
PO01205,P072,S007,2025-11-11,200,145.27,2025-11-14,2025-11-17,W003
PO01206,P072,S009,2025-12-04,200,134.62,2025-12-13,2025-12-13,W002
PO01207,P072,S009,2025-12-27,200,134.62,2026-01-05,2026-01-05,W004
PO01208,P073,S010,2025-01-19,200,142.94,2025-01-23,2025-01-23,W001
PO01209,P073,S010,2025-02-11,200,142.94,2025-02-15,2025-02-15,W003
PO01210,P073,S010,2025-03-06,200,142.94,2025-03-10,2025-03-10,W003
PO01211,P073,S010,2025-03-29,200,142.94,2025-04-02,2025-04-02,W003
PO01212,P073,S010,2025-04-21,200,142.94,2025-04-25,2025-04-27,W003
PO01213,P073,S010,2025-05-14,200,142.94,2025-05-18,2025-05-18,W005
PO01214,P073,S010,2025-06-06,200,142.94,2025-06-10,2025-06-10,W004
PO01215,P073,S010,2025-06-29,200,142.94,2025-07-03,2025-07-03,W003
PO01216,P073,S010,2025-07-22,200,142.94,2025-07-26,2025-07-26,W003
PO01217,P073,S010,2025-08-14,200,142.94,2025-08-18,2025-08-18,W003
PO01218,P073,S010,2025-09-06,200,142.94,2025-09-10,2025-09-10,W003
PO01219,P073,S010,2025-09-29,200,142.94,2025-10-03,2025-10-03,W005
PO01220,P073,S010,2025-10-22,200,142.94,2025-10-26,2025-10-26,W002
PO01221,P073,S010,2025-11-14,200,142.94,2025-11-18,2025-11-18,W003
PO01222,P073,S010,2025-12-07,200,142.94,2025-12-11,2025-12-11,W005
PO01223,P073,S010,2025-12-30,200,142.94,2026-01-03,2026-01-03,W001
PO01224,P074,S007,2025-01-27,50,150.06,2025-01-30,2025-01-30,W005
PO01225,P074,S016,2025-02-15,100,157.01,2025-02-18,2025-02-18,W003
PO01226,P074,S001,2025-03-06,50,148.25,2025-03-12,2025-03-12,W002
PO01227,P074,S007,2025-03-25,50,150.06,2025-03-28,2025-03-28,W001
PO01228,P074,S016,2025-04-13,50,157.01,2025-04-16,2025-04-16,W004
PO01229,P074,S007,2025-05-02,50,150.06,2025-05-05,2025-05-05,W005
PO01230,P074,S016,2025-05-21,50,157.01,2025-05-24,2025-05-25,W003
PO01231,P074,S007,2025-06-09,50,150.06,2025-06-12,2025-06-12,W003
PO01232,P074,S001,2025-06-28,50,148.25,2025-07-04,2025-07-04,W004
PO01233,P074,S016,2025-07-17,50,157.01,2025-07-20,2025-07-20,W004
PO01234,P074,S016,2025-08-05,50,157.01,2025-08-08,2025-08-09,W005
PO01235,P074,S001,2025-08-24,50,148.25,2025-08-30,2025-08-30,W002
PO01236,P074,S001,2025-09-12,50,148.25,2025-09-18,2025-09-18,W002
PO01237,P074,S007,2025-10-01,50,150.06,2025-10-04,2025-10-04,W001
PO01238,P074,S007,2025-10-20,50,150.06,2025-10-23,2025-10-23,W005
PO01239,P074,S016,2025-11-08,50,157.01,2025-11-11,2025-11-11,W004
PO01240,P074,S001,2025-11-27,50,148.25,2025-12-03,2025-12-03,W005
PO01241,P074,S007,2025-12-16,50,150.06,2025-12-19,2025-12-19,W004
PO01242,P074,S016,2026-01-04,50,157.01,2026-01-07,2026-01-08,W003
PO01243,P075,S018,2025-01-24,150,6.32,2025-02-11,2025-02-11,W004
PO01244,P075,S018,2025-02-15,150,6.32,2025-03-05,2025-03-05,W004
PO01245,P075,S018,2025-03-09,150,6.32,2025-03-27,2025-03-27,W005
PO01246,P075,S018,2025-03-31,100,6.32,2025-04-18,2025-04-18,W001
PO01247,P075,S018,2025-04-22,150,6.32,2025-05-10,2025-05-10,W004
PO01248,P075,S018,2025-05-14,150,6.32,2025-06-01,2025-06-01,W005
PO01249,P075,S018,2025-06-05,150,6.32,2025-06-23,2025-06-23,W004
PO01250,P075,S018,2025-06-27,150,6.32,2025-07-15,2025-07-15,W002
PO01251,P075,S018,2025-07-19,150,6.32,2025-08-06,2025-08-06,W003
PO01252,P075,S018,2025-08-10,150,6.32,2025-08-28,2025-08-28,W002
PO01253,P075,S018,2025-09-01,150,6.32,2025-09-19,2025-09-19,W004
PO01254,P075,S018,2025-09-23,150,6.32,2025-10-11,2025-10-11,W001
PO01255,P075,S018,2025-10-15,150,6.32,2025-11-02,2025-11-02,W004
PO01256,P075,S018,2025-11-06,200,6.32,2025-11-24,2025-11-24,W003
PO01257,P075,S018,2025-11-28,150,6.32,2025-12-16,2025-12-16,W001
PO01258,P075,S018,2025-12-20,150,6.32,2026-01-07,2026-01-07,W003
PO01259,P076,S014,2025-01-21,130,69.02,2025-02-10,2025-02-10,W005
PO01260,P076,S014,2025-02-11,150,69.02,2025-03-03,2025-03-03,W005
PO01261,P076,S016,2025-03-04,150,77.42,2025-03-07,2025-03-07,W005
PO01262,P076,S014,2025-03-25,170,69.02,2025-04-14,2025-04-14,W003
PO01263,P076,S014,2025-04-15,140,69.02,2025-05-05,2025-05-05,W005
PO01264,P076,S016,2025-05-06,140,77.42,2025-05-09,2025-05-09,W003
PO01265,P076,S014,2025-05-27,150,69.02,2025-06-16,2025-06-24,W001
PO01266,P076,S016,2025-06-17,180,77.42,2025-06-20,2025-06-20,W003
PO01267,P076,S016,2025-07-08,150,77.42,2025-07-11,2025-07-11,W003
PO01268,P076,S014,2025-07-29,170,69.02,2025-08-18,2025-08-18,W003
PO01269,P076,S014,2025-08-19,130,69.02,2025-09-08,2025-09-11,W005
PO01270,P076,S016,2025-09-09,120,77.42,2025-09-12,2025-09-12,W005
PO01271,P076,S014,2025-09-30,140,69.02,2025-10-20,2025-10-20,W005
PO01272,P076,S016,2025-10-21,140,77.42,2025-10-24,2025-10-24,W003
PO01273,P076,S016,2025-11-11,170,77.42,2025-11-14,2025-11-16,W005
PO01274,P076,S014,2025-12-02,130,69.02,2025-12-22,2025-12-22,W003
PO01275,P076,S016,2025-12-23,160,77.42,2025-12-26,2025-12-28,W002
PO01276,P077,S008,2025-01-28,600,230.1,2025-02-03,2025-02-03,W003
PO01277,P077,S008,2025-02-19,600,230.1,2025-02-25,2025-02-25,W003
PO01278,P077,S008,2025-03-13,700,230.1,2025-03-19,2025-03-19,W003
PO01279,P077,S008,2025-04-04,950,230.1,2025-04-10,2025-04-10,W004
PO01280,P077,S008,2025-04-26,950,230.1,2025-05-02,2025-05-02,W001
PO01281,P077,S008,2025-05-18,800,230.1,2025-05-24,2025-05-24,W005
PO01282,P077,S008,2025-06-09,750,230.1,2025-06-15,2025-06-15,W003
PO01283,P077,S008,2025-07-01,950,230.1,2025-07-07,2025-07-13,W004
PO01284,P077,S008,2025-07-23,950,230.1,2025-07-29,2025-07-29,W001
PO01285,P077,S008,2025-08-14,850,230.1,2025-08-20,2025-08-20,W003
PO01286,P077,S008,2025-09-05,850,230.1,2025-09-11,2025-09-11,W001
PO01287,P077,S008,2025-09-27,900,230.1,2025-10-03,2025-10-03,W004
PO01288,P077,S008,2025-10-19,650,230.1,2025-10-25,2025-10-30,W004
PO01289,P077,S008,2025-11-10,800,230.1,2025-11-16,2025-11-16,W004
PO01290,P077,S008,2025-12-02,1000,230.1,2025-12-08,2025-12-09,W005
PO01291,P077,S008,2025-12-24,700,230.1,2025-12-30,2025-12-30,W004
PO01292,P078,S006,2025-01-20,600,85.05,2025-01-26,2025-02-01,W001
PO01293,P078,S004,2025-02-10,600,90.9,2025-02-15,2025-02-15,W002
PO01294,P078,S004,2025-03-03,600,90.9,2025-03-08,2025-03-15,W002
PO01295,P078,S018,2025-03-24,600,90.02,2025-04-11,2025-04-11,W005
PO01296,P078,S018,2025-04-14,600,90.02,2025-05-02,2025-05-02,W001
PO01297,P078,S018,2025-05-05,800,90.02,2025-05-23,2025-05-23,W005
PO01298,P078,S018,2025-05-26,800,90.02,2025-06-13,2025-06-13,W001
PO01299,P078,S004,2025-06-16,800,90.9,2025-06-21,2025-06-23,W001
PO01300,P078,S004,2025-07-07,800,90.9,2025-07-12,2025-07-16,W002
PO01301,P078,S006,2025-07-28,600,85.05,2025-08-03,2025-08-03,W004
PO01302,P078,S018,2025-08-18,1000,90.02,2025-09-05,2025-09-05,W005
PO01303,P078,S018,2025-09-08,800,90.02,2025-09-26,2025-09-26,W001
PO01304,P078,S004,2025-09-29,800,90.9,2025-10-04,2025-10-08,W005
PO01305,P078,S004,2025-10-20,1000,90.9,2025-10-25,2025-10-26,W001
PO01306,P078,S004,2025-11-10,800,90.9,2025-11-15,2025-11-15,W002
PO01307,P078,S004,2025-12-01,600,90.9,2025-12-06,2025-12-15,W003
PO01308,P078,S004,2025-12-22,600,90.9,2025-12-27,2025-12-27,W005
PO01309,P079,S004,2025-01-27,400,12.02,2025-02-01,2025-02-01,W004
PO01310,P079,S004,2025-02-17,600,12.02,2025-02-22,2025-02-25,W003
PO01311,P079,S004,2025-03-10,400,12.02,2025-03-15,2025-03-15,W004
PO01312,P079,S004,2025-03-31,400,12.02,2025-04-05,2025-04-05,W001
PO01313,P079,S004,2025-04-21,400,12.02,2025-04-26,2025-04-29,W003
PO01314,P079,S004,2025-05-12,400,12.02,2025-05-17,2025-05-20,W005
PO01315,P079,S004,2025-06-02,400,12.02,2025-06-07,2025-06-07,W004
PO01316,P079,S004,2025-06-23,400,12.02,2025-06-28,2025-07-02,W001
PO01317,P079,S004,2025-07-14,600,12.02,2025-07-19,2025-07-23,W004
PO01318,P079,S004,2025-08-04,400,12.02,2025-08-09,2025-08-15,W005
PO01319,P079,S004,2025-08-25,400,12.02,2025-08-30,2025-08-30,W004
PO01320,P079,S004,2025-09-15,400,12.02,2025-09-20,2025-09-21,W004
PO01321,P079,S004,2025-10-06,400,12.02,2025-10-11,2025-10-12,W005
PO01322,P079,S004,2025-10-27,600,12.02,2025-11-01,2025-11-04,W001
PO01323,P079,S004,2025-11-17,600,12.02,2025-11-22,2025-11-24,W004
PO01324,P079,S004,2025-12-08,400,12.02,2025-12-13,2025-12-21,W004
PO01325,P079,S004,2025-12-29,600,12.02,2026-01-03,2026-01-03,W004
PO01326,P080,S003,2025-01-22,375,89.24,2025-01-27,2025-01-27,W002
PO01327,P080,S003,2025-02-14,350,89.24,2025-02-19,2025-02-19,W005
PO01328,P080,S003,2025-03-09,325,89.24,2025-03-14,2025-03-14,W003
PO01329,P080,S003,2025-04-01,400,89.24,2025-04-06,2025-04-06,W005
PO01330,P080,S016,2025-04-24,350,97.62,2025-04-27,2025-04-27,W002
PO01331,P080,S016,2025-05-17,350,97.62,2025-05-20,2025-05-20,W002
PO01332,P080,S003,2025-06-09,475,89.24,2025-06-14,2025-06-14,W003
PO01333,P080,S003,2025-07-02,450,89.24,2025-07-07,2025-07-07,W002
PO01334,P080,S003,2025-07-25,350,89.24,2025-07-30,2025-07-30,W003
PO01335,P080,S003,2025-08-17,300,89.24,2025-08-22,2025-08-22,W004
PO01336,P080,S016,2025-09-09,375,97.62,2025-09-12,2025-09-12,W001
PO01337,P080,S016,2025-10-02,375,97.62,2025-10-05,2025-10-05,W002
PO01338,P080,S003,2025-10-25,350,89.24,2025-10-30,2025-10-30,W005
PO01339,P080,S003,2025-11-17,350,89.24,2025-11-22,2025-11-24,W003
PO01340,P080,S016,2025-12-10,350,97.62,2025-12-13,2025-12-13,W005
PO01341,P080,S016,2026-01-02,425,97.62,2026-01-05,2026-01-05,W003
PO01342,P081,S008,2025-01-16,1610,239.86,2025-01-22,2025-01-22,W002
PO01343,P081,S008,2025-02-06,1660,239.86,2025-02-12,2025-02-12,W002
PO01344,P081,S012,2025-02-27,1770,261.33,2025-03-08,2025-03-08,W002
PO01345,P081,S012,2025-03-20,1890,261.33,2025-03-29,2025-04-07,W001
PO01346,P081,S008,2025-04-10,1720,239.86,2025-04-16,2025-04-16,W003
PO01347,P081,S008,2025-05-01,1930,239.86,2025-05-07,2025-05-07,W001
PO01348,P081,S008,2025-05-22,2020,239.86,2025-05-28,2025-05-28,W003
PO01349,P081,S008,2025-06-12,1950,239.86,2025-06-18,2025-06-18,W003
PO01350,P081,S008,2025-07-03,1640,239.86,2025-07-09,2025-07-10,W005
PO01351,P081,S012,2025-07-24,1750,261.33,2025-08-02,2025-08-02,W002
PO01352,P081,S008,2025-08-14,1360,239.86,2025-08-20,2025-08-22,W003
PO01353,P081,S008,2025-09-04,1570,239.86,2025-09-10,2025-09-10,W003
PO01354,P081,S012,2025-09-25,1740,261.33,2025-10-04,2025-10-04,W003
PO01355,P081,S008,2025-10-16,1980,239.86,2025-10-22,2025-10-26,W003
PO01356,P081,S008,2025-11-06,1710,239.86,2025-11-12,2025-11-12,W002
PO01357,P081,S008,2025-11-27,1950,239.86,2025-12-03,2025-12-03,W002
PO01358,P081,S008,2025-12-18,1480,239.86,2025-12-24,2025-12-24,W003
PO01359,P081,S008,2026-01-08,1650,239.86,2026-01-14,2026-01-14,W004
PO01360,P082,S014,2025-01-31,800,201.31,2025-02-20,2025-02-20,W001
PO01361,P082,S016,2025-02-23,800,191.31,2025-02-26,2025-02-26,W004
PO01362,P082,S016,2025-03-18,800,191.31,2025-03-21,2025-03-21,W005
PO01363,P082,S016,2025-04-10,800,191.31,2025-04-13,2025-04-17,W005
PO01364,P082,S014,2025-05-03,800,201.31,2025-05-23,2025-05-23,W003
PO01365,P082,S014,2025-05-26,800,201.31,2025-06-15,2025-06-15,W004
PO01366,P082,S016,2025-06-18,800,191.31,2025-06-21,2025-06-21,W001
PO01367,P082,S014,2025-07-11,800,201.31,2025-07-31,2025-07-31,W002
PO01368,P082,S016,2025-08-03,600,191.31,2025-08-06,2025-08-09,W003
PO01369,P082,S016,2025-08-26,1000,191.31,2025-08-29,2025-08-29,W002
PO01370,P082,S016,2025-09-18,800,191.31,2025-09-21,2025-09-23,W004
PO01371,P082,S014,2025-10-11,800,201.31,2025-10-31,2025-10-31,W003
PO01372,P082,S014,2025-11-03,800,201.31,2025-11-23,2025-11-23,W003
PO01373,P082,S014,2025-11-26,800,201.31,2025-12-16,2025-12-16,W005
PO01374,P082,S016,2025-12-19,800,191.31,2025-12-22,2025-12-23,W003
PO01375,P083,S001,2025-01-28,1570,163.42,2025-02-03,2025-02-03,W004
PO01376,P083,S001,2025-02-17,1200,163.42,2025-02-23,2025-02-23,W003
PO01377,P083,S001,2025-03-09,1270,163.42,2025-03-15,2025-03-15,W003
PO01378,P083,S015,2025-03-29,1310,182.25,2025-04-03,2025-04-06,W001
PO01379,P083,S001,2025-04-18,1500,163.42,2025-04-24,2025-04-24,W001
PO01380,P083,S005,2025-05-08,1270,191.53,2025-05-20,2025-05-20,W004
PO01381,P083,S005,2025-05-28,1480,191.53,2025-06-09,2025-06-09,W005
PO01382,P083,S001,2025-06-17,1310,163.42,2025-06-23,2025-06-23,W005
PO01383,P083,S001,2025-07-07,1390,163.42,2025-07-13,2025-07-13,W004
PO01384,P083,S001,2025-07-27,1380,163.42,2025-08-02,2025-08-02,W001
PO01385,P083,S001,2025-08-16,1520,163.42,2025-08-22,2025-08-22,W005
PO01386,P083,S015,2025-09-05,1420,182.25,2025-09-10,2025-09-10,W001
PO01387,P083,S001,2025-09-25,1270,163.42,2025-10-01,2025-10-01,W001
PO01388,P083,S001,2025-10-15,1430,163.42,2025-10-21,2025-10-24,W005
PO01389,P083,S015,2025-11-04,1240,182.25,2025-11-09,2025-11-09,W002
PO01390,P083,S001,2025-11-24,1560,163.42,2025-11-30,2025-12-03,W003
PO01391,P083,S001,2025-12-14,1430,163.42,2025-12-20,2025-12-20,W004
PO01392,P083,S015,2026-01-03,1270,182.25,2026-01-08,2026-01-08,W001
PO01393,P084,S012,2025-01-31,600,116.56,2025-02-09,2025-02-09,W002
PO01394,P084,S012,2025-02-19,800,116.56,2025-02-28,2025-02-28,W002
PO01395,P084,S012,2025-03-10,650,116.56,2025-03-19,2025-03-27,W005
PO01396,P084,S012,2025-03-29,600,116.56,2025-04-07,2025-04-07,W005
PO01397,P084,S012,2025-04-17,700,116.56,2025-04-26,2025-04-26,W001
PO01398,P084,S015,2025-05-06,650,136.95,2025-05-11,2025-05-11,W004
PO01399,P084,S015,2025-05-25,800,136.95,2025-05-30,2025-05-30,W005
PO01400,P084,S015,2025-06-13,750,136.95,2025-06-18,2025-06-18,W005
PO01401,P084,S012,2025-07-02,600,116.56,2025-07-11,2025-07-11,W005
PO01402,P084,S015,2025-07-21,850,136.95,2025-07-26,2025-07-29,W002
PO01403,P084,S015,2025-08-09,550,136.95,2025-08-14,2025-08-14,W005
PO01404,P084,S015,2025-08-28,700,136.95,2025-09-02,2025-09-12,W002
PO01405,P084,S015,2025-09-16,650,136.95,2025-09-21,2025-09-21,W004
PO01406,P084,S015,2025-10-05,800,136.95,2025-10-10,2025-10-10,W002
PO01407,P084,S015,2025-10-24,700,136.95,2025-10-29,2025-10-29,W005
PO01408,P084,S015,2025-11-12,650,136.95,2025-11-17,2025-11-17,W002
PO01409,P084,S015,2025-12-01,600,136.95,2025-12-06,2025-12-08,W002
PO01410,P084,S015,2025-12-20,650,136.95,2025-12-25,2025-12-25,W001
PO01411,P084,S015,2026-01-08,550,136.95,2026-01-13,2026-01-13,W002
PO01412,P085,S017,2025-01-20,1250,87.0,2025-01-25,2025-01-25,W001
PO01413,P085,S017,2025-02-11,1400,87.0,2025-02-16,2025-02-17,W003
PO01414,P085,S017,2025-03-05,1150,87.0,2025-03-10,2025-03-10,W001
PO01415,P085,S017,2025-03-27,1200,87.0,2025-04-01,2025-04-01,W001
PO01416,P085,S017,2025-04-18,1300,87.0,2025-04-23,2025-04-25,W001
PO01417,P085,S017,2025-05-10,1500,87.0,2025-05-15,2025-05-15,W003
PO01418,P085,S017,2025-06-01,1400,87.0,2025-06-06,2025-06-07,W001
PO01419,P085,S017,2025-06-23,1150,87.0,2025-06-28,2025-06-28,W001
PO01420,P085,S017,2025-07-15,1600,87.0,2025-07-20,2025-07-20,W004
PO01421,P085,S017,2025-08-06,1250,87.0,2025-08-11,2025-08-11,W005
PO01422,P085,S017,2025-08-28,1450,87.0,2025-09-02,2025-09-02,W004
PO01423,P085,S017,2025-09-19,1700,87.0,2025-09-24,2025-09-24,W005
PO01424,P085,S017,2025-10-11,1350,87.0,2025-10-16,2025-10-16,W001
PO01425,P085,S017,2025-11-02,1200,87.0,2025-11-07,2025-11-07,W005
PO01426,P085,S017,2025-11-24,1450,87.0,2025-11-29,2025-11-29,W005
PO01427,P085,S017,2025-12-16,1450,87.0,2025-12-21,2025-12-21,W004
PO01428,P085,S017,2026-01-07,1350,87.0,2026-01-12,2026-01-12,W004
PO01429,P086,S014,2025-01-21,600,161.62,2025-02-10,2025-02-13,W003
PO01430,P086,S018,2025-02-14,600,152.44,2025-03-04,2025-03-07,W003
PO01431,P086,S018,2025-03-10,600,152.44,2025-03-28,2025-03-28,W003
PO01432,P086,S018,2025-04-03,800,152.44,2025-04-21,2025-04-21,W002
PO01433,P086,S018,2025-04-27,800,152.44,2025-05-15,2025-05-15,W003
PO01434,P086,S018,2025-05-21,800,152.44,2025-06-08,2025-06-08,W003
PO01435,P086,S014,2025-06-14,600,161.62,2025-07-04,2025-07-04,W002
PO01436,P086,S018,2025-07-08,800,152.44,2025-07-26,2025-07-26,W004
PO01437,P086,S014,2025-08-01,800,161.62,2025-08-21,2025-08-21,W003
PO01438,P086,S018,2025-08-25,600,152.44,2025-09-12,2025-09-12,W003
PO01439,P086,S018,2025-09-18,600,152.44,2025-10-06,2025-10-06,W001
PO01440,P086,S014,2025-10-12,600,161.62,2025-11-01,2025-11-01,W001
PO01441,P086,S018,2025-11-05,600,152.44,2025-11-23,2025-11-23,W004
PO01442,P086,S014,2025-11-29,800,161.62,2025-12-19,2025-12-19,W001
PO01443,P086,S018,2025-12-23,600,152.44,2026-01-10,2026-01-10,W001
PO01444,P087,S017,2025-01-17,600,137.1,2025-01-22,2025-01-22,W004
PO01445,P087,S005,2025-02-07,600,153.64,2025-02-19,2025-02-19,W001
PO01446,P087,S005,2025-02-28,700,153.64,2025-03-12,2025-03-19,W003
PO01447,P087,S017,2025-03-21,600,137.1,2025-03-26,2025-03-26,W004
PO01448,P087,S005,2025-04-11,800,153.64,2025-04-23,2025-04-23,W004
PO01449,P087,S005,2025-05-02,700,153.64,2025-05-14,2025-05-14,W004
PO01450,P087,S005,2025-05-23,800,153.64,2025-06-04,2025-06-04,W005
PO01451,P087,S005,2025-06-13,700,153.64,2025-06-25,2025-06-25,W004
PO01452,P087,S017,2025-07-04,800,137.1,2025-07-09,2025-07-09,W002
PO01453,P087,S017,2025-07-25,800,137.1,2025-07-30,2025-07-30,W004
PO01454,P087,S017,2025-08-15,700,137.1,2025-08-20,2025-08-21,W004
PO01455,P087,S017,2025-09-05,600,137.1,2025-09-10,2025-09-10,W005
PO01456,P087,S005,2025-09-26,800,153.64,2025-10-08,2025-10-08,W001
PO01457,P087,S005,2025-10-17,900,153.64,2025-10-29,2025-10-29,W003
PO01458,P087,S017,2025-11-07,700,137.1,2025-11-12,2025-11-12,W005
PO01459,P087,S017,2025-11-28,700,137.1,2025-12-03,2025-12-03,W002
PO01460,P087,S005,2025-12-19,800,153.64,2025-12-31,2025-12-31,W004
PO01461,P087,S005,2026-01-09,700,153.64,2026-01-21,2026-01-21,W005
PO01462,P088,S004,2025-01-30,500,36.92,2025-02-04,2025-02-11,W001
PO01463,P088,S004,2025-02-23,400,36.92,2025-02-28,2025-02-28,W003
PO01464,P088,S004,2025-03-19,400,36.92,2025-03-24,2025-03-24,W005
PO01465,P088,S004,2025-04-12,500,36.92,2025-04-17,2025-04-26,W002
PO01466,P088,S004,2025-05-06,600,36.92,2025-05-11,2025-05-12,W004
PO01467,P088,S004,2025-05-30,500,36.92,2025-06-04,2025-06-13,W002
PO01468,P088,S004,2025-06-23,500,36.92,2025-06-28,2025-07-02,W004
PO01469,P088,S004,2025-07-17,600,36.92,2025-07-22,2025-07-28,W002
PO01470,P088,S004,2025-08-10,400,36.92,2025-08-15,2025-08-17,W004
PO01471,P088,S004,2025-09-03,400,36.92,2025-09-08,2025-09-15,W004
PO01472,P088,S004,2025-09-27,600,36.92,2025-10-02,2025-10-02,W004
PO01473,P088,S004,2025-10-21,600,36.92,2025-10-26,2025-10-26,W002
PO01474,P088,S004,2025-11-14,400,36.92,2025-11-19,2025-11-19,W001
PO01475,P088,S004,2025-12-08,600,36.92,2025-12-13,2025-12-14,W004
PO01476,P088,S004,2026-01-01,500,36.92,2026-01-06,2026-01-06,W001
PO01477,P089,S007,2025-01-23,400,201.89,2025-01-26,2025-01-27,W005
PO01478,P089,S002,2025-02-17,500,209.06,2025-02-27,2025-02-27,W005
PO01479,P089,S007,2025-03-14,500,201.89,2025-03-17,2025-03-17,W001
PO01480,P089,S007,2025-04-08,500,201.89,2025-04-11,2025-04-12,W005
PO01481,P089,S007,2025-05-03,400,201.89,2025-05-06,2025-05-06,W003
PO01482,P089,S007,2025-05-28,400,201.89,2025-05-31,2025-05-31,W001
PO01483,P089,S007,2025-06-22,500,201.89,2025-06-25,2025-06-25,W005
PO01484,P089,S002,2025-07-17,400,209.06,2025-07-27,2025-07-27,W003
PO01485,P089,S002,2025-08-11,400,209.06,2025-08-21,2025-08-21,W003
PO01486,P089,S007,2025-09-05,400,201.89,2025-09-08,2025-09-08,W005
PO01487,P089,S002,2025-09-30,500,209.06,2025-10-10,2025-10-10,W001
PO01488,P089,S002,2025-10-25,300,209.06,2025-11-04,2025-11-04,W003
PO01489,P089,S007,2025-11-19,600,201.89,2025-11-22,2025-11-22,W001
PO01490,P089,S002,2025-12-14,400,209.06,2025-12-24,2025-12-24,W005
PO01491,P089,S007,2026-01-08,400,201.89,2026-01-11,2026-01-11,W003
PO01492,P090,S013,2025-01-25,450,4.7,2025-01-29,2025-01-29,W003
PO01493,P090,S016,2025-02-12,600,5.41,2025-02-15,2025-02-17,W002
PO01494,P090,S013,2025-03-02,500,4.7,2025-03-06,2025-03-09,W004
PO01495,P090,S016,2025-03-20,500,5.41,2025-03-23,2025-03-23,W001
PO01496,P090,S016,2025-04-07,600,5.41,2025-04-10,2025-04-19,W001
PO01497,P090,S013,2025-04-25,600,4.7,2025-04-29,2025-04-29,W003
PO01498,P090,S016,2025-05-13,600,5.41,2025-05-16,2025-05-16,W002
PO01499,P090,S016,2025-05-31,650,5.41,2025-06-03,2025-06-06,W001
PO01500,P090,S016,2025-06-18,650,5.41,2025-06-21,2025-06-22,W005
PO01501,P090,S016,2025-07-06,600,5.41,2025-07-09,2025-07-18,W004
PO01502,P090,S016,2025-07-24,550,5.41,2025-07-27,2025-08-04,W004
PO01503,P090,S013,2025-08-11,400,4.7,2025-08-15,2025-08-15,W004
PO01504,P090,S013,2025-08-29,650,4.7,2025-09-02,2025-09-04,W003
PO01505,P090,S013,2025-09-16,600,4.7,2025-09-20,2025-09-23,W005
PO01506,P090,S016,2025-10-04,500,5.41,2025-10-07,2025-10-13,W001
PO01507,P090,S013,2025-10-22,550,4.7,2025-10-26,2025-10-28,W003
PO01508,P090,S013,2025-11-09,500,4.7,2025-11-13,2025-11-13,W001
PO01509,P090,S013,2025-11-27,450,4.7,2025-12-01,2025-12-09,W001
PO01510,P090,S013,2025-12-15,550,4.7,2025-12-19,2025-12-19,W001
PO01511,P090,S013,2026-01-02,450,4.7,2026-01-06,2026-01-06,W001
PO01512,P091,S005,2025-01-23,550,9.56,2025-02-04,2025-02-04,W003
PO01513,P091,S005,2025-02-12,500,9.56,2025-02-24,2025-02-24,W004
PO01514,P091,S005,2025-03-04,500,9.56,2025-03-16,2025-03-16,W002
PO01515,P091,S013,2025-03-24,500,9.54,2025-03-28,2025-03-28,W005
PO01516,P091,S013,2025-04-13,550,9.54,2025-04-17,2025-04-17,W005
PO01517,P091,S013,2025-05-03,450,9.54,2025-05-07,2025-05-07,W001
PO01518,P091,S005,2025-05-23,500,9.56,2025-06-04,2025-06-04,W001
PO01519,P091,S013,2025-06-12,500,9.54,2025-06-16,2025-06-16,W003
PO01520,P091,S013,2025-07-02,500,9.54,2025-07-06,2025-07-08,W005
PO01521,P091,S005,2025-07-22,500,9.56,2025-08-03,2025-08-03,W003
PO01522,P091,S005,2025-08-11,350,9.56,2025-08-23,2025-08-23,W001
PO01523,P091,S005,2025-08-31,400,9.56,2025-09-12,2025-09-12,W004
PO01524,P091,S013,2025-09-20,400,9.54,2025-09-24,2025-09-24,W005
PO01525,P091,S013,2025-10-10,550,9.54,2025-10-14,2025-10-14,W005
PO01526,P091,S013,2025-10-30,400,9.54,2025-11-03,2025-11-03,W002
PO01527,P091,S005,2025-11-19,550,9.56,2025-12-01,2025-12-01,W003
PO01528,P091,S013,2025-12-09,450,9.54,2025-12-13,2025-12-13,W003
PO01529,P091,S013,2025-12-29,450,9.54,2026-01-02,2026-01-05,W003
PO01530,P092,S010,2025-01-23,170,226.64,2025-01-27,2025-01-27,W004
PO01531,P092,S016,2025-02-11,150,215.27,2025-02-14,2025-02-14,W001
PO01532,P092,S010,2025-03-02,120,226.64,2025-03-06,2025-03-06,W004
PO01533,P092,S016,2025-03-21,160,215.27,2025-03-24,2025-03-24,W005
PO01534,P092,S016,2025-04-09,130,215.27,2025-04-12,2025-04-12,W004
PO01535,P092,S016,2025-04-28,140,215.27,2025-05-01,2025-05-02,W001
PO01536,P092,S016,2025-05-17,180,215.27,2025-05-20,2025-05-23,W001
PO01537,P092,S016,2025-06-05,150,215.27,2025-06-08,2025-06-11,W003
PO01538,P092,S010,2025-06-24,160,226.64,2025-06-28,2025-06-28,W004
PO01539,P092,S016,2025-07-13,140,215.27,2025-07-16,2025-07-16,W005
PO01540,P092,S010,2025-08-01,150,226.64,2025-08-05,2025-08-05,W001
PO01541,P092,S016,2025-08-20,140,215.27,2025-08-23,2025-08-23,W004
PO01542,P092,S016,2025-09-08,160,215.27,2025-09-11,2025-09-11,W002
PO01543,P092,S016,2025-09-27,150,215.27,2025-09-30,2025-09-30,W004
PO01544,P092,S016,2025-10-16,140,215.27,2025-10-19,2025-10-19,W001
PO01545,P092,S016,2025-11-04,170,215.27,2025-11-07,2025-11-07,W004
PO01546,P092,S016,2025-11-23,160,215.27,2025-11-26,2025-11-26,W005
PO01547,P092,S010,2025-12-12,140,226.64,2025-12-16,2025-12-19,W001
PO01548,P092,S010,2025-12-31,140,226.64,2026-01-04,2026-01-04,W002
PO01549,P093,S016,2025-01-18,1200,194.02,2025-01-21,2025-01-21,W002
PO01550,P093,S016,2025-02-08,1000,194.02,2025-02-11,2025-02-11,W002
PO01551,P093,S016,2025-03-01,1600,194.02,2025-03-04,2025-03-04,W005
PO01552,P093,S016,2025-03-22,1050,194.02,2025-03-25,2025-03-28,W002
PO01553,P093,S016,2025-04-12,1425,194.02,2025-04-15,2025-04-15,W002
PO01554,P093,S016,2025-05-03,1550,194.02,2025-05-06,2025-05-06,W002
PO01555,P093,S016,2025-05-24,1600,194.02,2025-05-27,2025-05-27,W002
PO01556,P093,S016,2025-06-14,1075,194.02,2025-06-17,2025-06-17,W002
PO01557,P093,S016,2025-07-05,1325,194.02,2025-07-08,2025-07-08,W002
PO01558,P093,S016,2025-07-26,1150,194.02,2025-07-29,2025-07-29,W003
PO01559,P093,S016,2025-08-16,1500,194.02,2025-08-19,2025-08-19,W002
PO01560,P093,S016,2025-09-06,1100,194.02,2025-09-09,2025-09-12,W005
PO01561,P093,S016,2025-09-27,1475,194.02,2025-09-30,2025-09-30,W002
PO01562,P093,S016,2025-10-18,1225,194.02,2025-10-21,2025-10-21,W002
PO01563,P093,S016,2025-11-08,1600,194.02,2025-11-11,2025-11-14,W003
PO01564,P093,S016,2025-11-29,1150,194.02,2025-12-02,2025-12-02,W003
PO01565,P093,S016,2025-12-20,1175,194.02,2025-12-23,2025-12-23,W003
PO01566,P093,S016,2026-01-10,1325,194.02,2026-01-13,2026-01-13,W005
PO01567,P094,S008,2025-01-24,600,260.16,2025-01-30,2025-01-30,W003
PO01568,P094,S008,2025-02-11,700,260.16,2025-02-17,2025-02-17,W005
PO01569,P094,S008,2025-03-01,600,260.16,2025-03-07,2025-03-07,W003
PO01570,P094,S008,2025-03-19,600,260.16,2025-03-25,2025-03-25,W005
PO01571,P094,S008,2025-04-06,500,260.16,2025-04-12,2025-04-12,W003
PO01572,P094,S008,2025-04-24,700,260.16,2025-04-30,2025-04-30,W003
PO01573,P094,S008,2025-05-12,700,260.16,2025-05-18,2025-05-21,W003
PO01574,P094,S008,2025-05-30,600,260.16,2025-06-05,2025-06-05,W003
PO01575,P094,S008,2025-06-17,600,260.16,2025-06-23,2025-06-23,W003
PO01576,P094,S008,2025-07-05,500,260.16,2025-07-11,2025-07-11,W003
PO01577,P094,S008,2025-07-23,600,260.16,2025-07-29,2025-07-29,W002
PO01578,P094,S008,2025-08-10,600,260.16,2025-08-16,2025-08-16,W003
PO01579,P094,S008,2025-08-28,700,260.16,2025-09-03,2025-09-03,W003
PO01580,P094,S008,2025-09-15,700,260.16,2025-09-21,2025-09-21,W001
PO01581,P094,S008,2025-10-03,600,260.16,2025-10-09,2025-10-09,W002
PO01582,P094,S008,2025-10-21,600,260.16,2025-10-27,2025-10-27,W002
PO01583,P094,S008,2025-11-08,600,260.16,2025-11-14,2025-11-14,W004
PO01584,P094,S008,2025-11-26,600,260.16,2025-12-02,2025-12-02,W004
PO01585,P094,S008,2025-12-14,800,260.16,2025-12-20,2025-12-20,W003
PO01586,P094,S008,2026-01-01,600,260.16,2026-01-07,2026-01-07,W003
PO01587,P095,S013,2025-01-29,1200,170.05,2025-02-02,2025-02-02,W002
PO01588,P095,S013,2025-02-22,1400,170.05,2025-02-26,2025-02-26,W003
PO01589,P095,S002,2025-03-18,1400,168.79,2025-03-28,2025-03-28,W001
PO01590,P095,S002,2025-04-11,1000,168.79,2025-04-21,2025-04-21,W003
PO01591,P095,S002,2025-05-05,1400,168.79,2025-05-15,2025-05-18,W005
PO01592,P095,S013,2025-05-29,1200,170.05,2025-06-02,2025-06-09,W002
PO01593,P095,S002,2025-06-22,1400,168.79,2025-07-02,2025-07-02,W003
PO01594,P095,S013,2025-07-16,1200,170.05,2025-07-20,2025-07-20,W002
PO01595,P095,S013,2025-08-09,1200,170.05,2025-08-13,2025-08-18,W004
PO01596,P095,S013,2025-09-02,1200,170.05,2025-09-06,2025-09-06,W001
PO01597,P095,S013,2025-09-26,1200,170.05,2025-09-30,2025-09-30,W004
PO01598,P095,S002,2025-10-20,1000,168.79,2025-10-30,2025-10-30,W003
PO01599,P095,S002,2025-11-13,1400,168.79,2025-11-23,2025-11-23,W001
PO01600,P095,S013,2025-12-07,1400,170.05,2025-12-11,2025-12-11,W004
PO01601,P095,S002,2025-12-31,1200,168.79,2026-01-10,2026-01-10,W004
PO01602,P096,S017,2025-01-30,400,181.11,2025-02-04,2025-02-04,W002
PO01603,P096,S009,2025-02-19,400,181.08,2025-02-28,2025-02-28,W003
PO01604,P096,S017,2025-03-11,600,181.11,2025-03-16,2025-03-16,W004
PO01605,P096,S017,2025-03-31,400,181.11,2025-04-05,2025-04-05,W005
PO01606,P096,S017,2025-04-20,600,181.11,2025-04-25,2025-04-25,W003
PO01607,P096,S009,2025-05-10,600,181.08,2025-05-19,2025-05-19,W005
PO01608,P096,S017,2025-05-30,400,181.11,2025-06-04,2025-06-04,W002
PO01609,P096,S009,2025-06-19,400,181.08,2025-06-28,2025-06-28,W003
PO01610,P096,S009,2025-07-09,400,181.08,2025-07-18,2025-07-18,W004
PO01611,P096,S017,2025-07-29,400,181.11,2025-08-03,2025-08-06,W003
PO01612,P096,S009,2025-08-18,400,181.08,2025-08-27,2025-08-27,W002
PO01613,P096,S009,2025-09-07,400,181.08,2025-09-16,2025-09-16,W003
PO01614,P096,S009,2025-09-27,600,181.08,2025-10-06,2025-10-06,W002
PO01615,P096,S017,2025-10-17,600,181.11,2025-10-22,2025-10-22,W004
PO01616,P096,S017,2025-11-06,400,181.11,2025-11-11,2025-11-11,W003
PO01617,P096,S009,2025-11-26,400,181.08,2025-12-05,2025-12-05,W003
PO01618,P096,S009,2025-12-16,400,181.08,2025-12-25,2025-12-27,W002
PO01619,P096,S009,2026-01-05,400,181.08,2026-01-14,2026-01-14,W004
PO01620,P097,S001,2025-01-22,400,174.06,2025-01-28,2025-01-28,W005
PO01621,P097,S018,2025-02-16,600,169.4,2025-03-06,2025-03-06,W005
PO01622,P097,S018,2025-03-13,600,169.4,2025-03-31,2025-03-31,W005
PO01623,P097,S001,2025-04-07,600,174.06,2025-04-13,2025-04-13,W005
PO01624,P097,S018,2025-05-02,400,169.4,2025-05-20,2025-05-22,W004
PO01625,P097,S001,2025-05-27,600,174.06,2025-06-02,2025-06-02,W005
PO01626,P097,S018,2025-06-21,600,169.4,2025-07-09,2025-07-09,W003
PO01627,P097,S018,2025-07-16,600,169.4,2025-08-03,2025-08-03,W003
PO01628,P097,S018,2025-08-10,600,169.4,2025-08-28,2025-08-30,W003
PO01629,P097,S018,2025-09-04,600,169.4,2025-09-22,2025-09-22,W002
PO01630,P097,S018,2025-09-29,400,169.4,2025-10-17,2025-10-17,W005
PO01631,P097,S018,2025-10-24,600,169.4,2025-11-11,2025-11-11,W003
PO01632,P097,S018,2025-11-18,600,169.4,2025-12-06,2025-12-06,W003
PO01633,P097,S018,2025-12-13,600,169.4,2025-12-31,2025-12-31,W003
PO01634,P097,S001,2026-01-07,400,174.06,2026-01-13,2026-01-13,W003
PO01635,P098,S008,2025-01-27,200,164.12,2025-02-02,2025-02-09,W003
PO01636,P098,S007,2025-02-16,200,175.91,2025-02-19,2025-02-19,W005
PO01637,P098,S008,2025-03-08,200,164.12,2025-03-14,2025-03-14,W004
PO01638,P098,S007,2025-03-28,200,175.91,2025-03-31,2025-03-31,W003
PO01639,P098,S008,2025-04-17,200,164.12,2025-04-23,2025-04-23,W004
PO01640,P098,S008,2025-05-07,200,164.12,2025-05-13,2025-05-13,W004
PO01641,P098,S008,2025-05-27,200,164.12,2025-06-02,2025-06-02,W004
PO01642,P098,S007,2025-06-16,200,175.91,2025-06-19,2025-06-19,W002
PO01643,P098,S007,2025-07-06,200,175.91,2025-07-09,2025-07-17,W003
PO01644,P098,S007,2025-07-26,200,175.91,2025-07-29,2025-07-29,W004
PO01645,P098,S008,2025-08-15,200,164.12,2025-08-21,2025-08-23,W001
PO01646,P098,S007,2025-09-04,200,175.91,2025-09-07,2025-09-07,W005
PO01647,P098,S007,2025-09-24,200,175.91,2025-09-27,2025-09-27,W001
PO01648,P098,S008,2025-10-14,200,164.12,2025-10-20,2025-10-20,W004
PO01649,P098,S008,2025-11-03,200,164.12,2025-11-09,2025-11-09,W001
PO01650,P098,S008,2025-11-23,200,164.12,2025-11-29,2025-11-29,W005
PO01651,P098,S007,2025-12-13,200,175.91,2025-12-16,2025-12-16,W001
PO01652,P098,S008,2026-01-02,200,164.12,2026-01-08,2026-01-08,W004
PO01653,P099,S017,2025-01-28,300,129.56,2025-02-02,2025-02-02,W003
PO01654,P099,S018,2025-02-16,400,120.83,2025-03-06,2025-03-06,W004
PO01655,P099,S012,2025-03-07,300,137.36,2025-03-16,2025-03-16,W003
PO01656,P099,S012,2025-03-26,400,137.36,2025-04-04,2025-04-04,W005
PO01657,P099,S017,2025-04-14,400,129.56,2025-04-19,2025-04-19,W001
PO01658,P099,S012,2025-05-03,300,137.36,2025-05-12,2025-05-12,W001
PO01659,P099,S018,2025-05-22,400,120.83,2025-06-09,2025-06-09,W003
PO01660,P099,S017,2025-06-10,300,129.56,2025-06-15,2025-06-25,W003
PO01661,P099,S012,2025-06-29,400,137.36,2025-07-08,2025-07-08,W003
PO01662,P099,S017,2025-07-18,300,129.56,2025-07-23,2025-07-23,W003
PO01663,P099,S012,2025-08-06,300,137.36,2025-08-15,2025-08-15,W003
PO01664,P099,S017,2025-08-25,400,129.56,2025-08-30,2025-08-30,W005
PO01665,P099,S012,2025-09-13,400,137.36,2025-09-22,2025-09-22,W002
PO01666,P099,S012,2025-10-02,300,137.36,2025-10-11,2025-10-14,W002
PO01667,P099,S017,2025-10-21,400,129.56,2025-10-26,2025-10-26,W005
PO01668,P099,S017,2025-11-09,300,129.56,2025-11-14,2025-11-14,W002
PO01669,P099,S018,2025-11-28,400,120.83,2025-12-16,2025-12-16,W005
PO01670,P099,S012,2025-12-17,400,137.36,2025-12-26,2026-01-05,W002
PO01671,P099,S017,2026-01-05,400,129.56,2026-01-10,2026-01-10,W002
PO01672,P100,S015,2025-01-16,400,55.87,2025-01-21,2025-01-21,W004
PO01673,P100,S015,2025-02-07,600,55.87,2025-02-12,2025-02-12,W003
PO01674,P100,S015,2025-03-01,400,55.87,2025-03-06,2025-03-06,W004
PO01675,P100,S015,2025-03-23,600,55.87,2025-03-28,2025-03-28,W001
PO01676,P100,S015,2025-04-14,600,55.87,2025-04-19,2025-04-19,W005
PO01677,P100,S015,2025-05-06,600,55.87,2025-05-11,2025-05-11,W005
PO01678,P100,S015,2025-05-28,400,55.87,2025-06-02,2025-06-02,W004
PO01679,P100,S015,2025-06-19,600,55.87,2025-06-24,2025-06-24,W001
PO01680,P100,S015,2025-07-11,600,55.87,2025-07-16,2025-07-16,W001
PO01681,P100,S015,2025-08-02,600,55.87,2025-08-07,2025-08-07,W001
PO01682,P100,S015,2025-08-24,400,55.87,2025-08-29,2025-08-31,W001
PO01683,P100,S015,2025-09-15,400,55.87,2025-09-20,2025-09-20,W004
PO01684,P100,S015,2025-10-07,600,55.87,2025-10-12,2025-10-12,W001
PO01685,P100,S015,2025-10-29,600,55.87,2025-11-03,2025-11-03,W005
PO01686,P100,S015,2025-11-20,400,55.87,2025-11-25,2025-11-25,W001
PO01687,P100,S015,2025-12-12,600,55.87,2025-12-17,2025-12-17,W002
PO01688,P100,S015,2026-01-03,400,55.87,2026-01-08,2026-01-08,W004
PO01689,P101,S020,2025-01-18,100,9.2,2025-02-02,2025-02-02,W002
PO01690,P101,S002,2025-02-07,50,9.33,2025-02-17,2025-02-17,W004
PO01691,P101,S020,2025-02-27,100,9.2,2025-03-14,2025-03-21,W001
PO01692,P101,S002,2025-03-19,50,9.33,2025-03-29,2025-04-01,W005
PO01693,P101,S020,2025-04-08,50,9.2,2025-04-23,2025-04-23,W004
PO01694,P101,S020,2025-04-28,50,9.2,2025-05-13,2025-05-13,W003
PO01695,P101,S020,2025-05-18,50,9.2,2025-06-02,2025-06-02,W001
PO01696,P101,S002,2025-06-07,50,9.33,2025-06-17,2025-06-17,W001
PO01697,P101,S002,2025-06-27,50,9.33,2025-07-07,2025-07-07,W003
PO01698,P101,S002,2025-07-17,50,9.33,2025-07-27,2025-07-27,W005
PO01699,P101,S002,2025-08-06,100,9.33,2025-08-16,2025-08-22,W003
PO01700,P101,S020,2025-08-26,100,9.2,2025-09-10,2025-09-19,W003
PO01701,P101,S002,2025-09-15,50,9.33,2025-09-25,2025-09-25,W003
PO01702,P101,S020,2025-10-05,100,9.2,2025-10-20,2025-10-21,W001
PO01703,P101,S020,2025-10-25,100,9.2,2025-11-09,2025-11-11,W003
PO01704,P101,S020,2025-11-14,100,9.2,2025-11-29,2025-11-29,W004
PO01705,P101,S020,2025-12-04,100,9.2,2025-12-19,2025-12-19,W003
PO01706,P101,S002,2025-12-24,100,9.33,2026-01-03,2026-01-03,W001
PO01707,P102,S020,2025-01-27,1400,211.54,2025-02-11,2025-02-15,W005
PO01708,P102,S020,2025-02-14,1400,211.54,2025-03-01,2025-03-01,W004
PO01709,P102,S020,2025-03-04,1100,211.54,2025-03-19,2025-03-19,W005
PO01710,P102,S020,2025-03-22,1100,211.54,2025-04-06,2025-04-06,W005
PO01711,P102,S020,2025-04-09,1000,211.54,2025-04-24,2025-04-24,W005
PO01712,P102,S020,2025-04-27,1200,211.54,2025-05-12,2025-05-13,W005
PO01713,P102,S020,2025-05-15,1400,211.54,2025-05-30,2025-05-30,W005
PO01714,P102,S020,2025-06-02,1100,211.54,2025-06-17,2025-06-19,W002
PO01715,P102,S020,2025-06-20,1000,211.54,2025-07-05,2025-07-05,W005
PO01716,P102,S020,2025-07-08,1100,211.54,2025-07-23,2025-07-23,W005
PO01717,P102,S020,2025-07-26,1400,211.54,2025-08-10,2025-08-10,W004
PO01718,P102,S020,2025-08-13,1400,211.54,2025-08-28,2025-08-30,W005
PO01719,P102,S020,2025-08-31,1300,211.54,2025-09-15,2025-09-15,W005
PO01720,P102,S020,2025-09-18,1200,211.54,2025-10-03,2025-10-03,W004
PO01721,P102,S020,2025-10-06,1300,211.54,2025-10-21,2025-10-23,W004
PO01722,P102,S020,2025-10-24,1100,211.54,2025-11-08,2025-11-09,W005
PO01723,P102,S020,2025-11-11,1000,211.54,2025-11-26,2025-11-27,W001
PO01724,P102,S020,2025-11-29,1500,211.54,2025-12-14,2025-12-14,W001
PO01725,P102,S020,2025-12-17,1400,211.54,2026-01-01,2026-01-04,W005
PO01726,P102,S020,2026-01-04,900,211.54,2026-01-19,2026-01-19,W005
PO01727,P103,S018,2025-01-17,400,198.43,2025-02-04,2025-02-04,W005
PO01728,P103,S018,2025-02-06,450,198.43,2025-02-24,2025-02-24,W005
PO01729,P103,S018,2025-02-26,375,198.43,2025-03-16,2025-03-16,W001
PO01730,P103,S005,2025-03-18,450,197.13,2025-03-30,2025-03-30,W004
PO01731,P103,S005,2025-04-07,275,197.13,2025-04-19,2025-04-19,W001
PO01732,P103,S001,2025-04-27,400,188.38,2025-05-03,2025-05-03,W001
PO01733,P103,S001,2025-05-17,350,188.38,2025-05-23,2025-05-23,W003
PO01734,P103,S005,2025-06-06,400,197.13,2025-06-18,2025-06-18,W002
PO01735,P103,S005,2025-06-26,275,197.13,2025-07-08,2025-07-08,W005
PO01736,P103,S001,2025-07-16,275,188.38,2025-07-22,2025-07-22,W001
PO01737,P103,S001,2025-08-05,300,188.38,2025-08-11,2025-08-11,W002
PO01738,P103,S001,2025-08-25,275,188.38,2025-08-31,2025-08-31,W002
PO01739,P103,S018,2025-09-14,375,198.43,2025-10-02,2025-10-02,W005
PO01740,P103,S018,2025-10-04,375,198.43,2025-10-22,2025-10-22,W005
PO01741,P103,S018,2025-10-24,300,198.43,2025-11-11,2025-11-11,W002
PO01742,P103,S005,2025-11-13,275,197.13,2025-11-25,2025-11-25,W001
PO01743,P103,S018,2025-12-03,350,198.43,2025-12-21,2025-12-21,W001
PO01744,P103,S018,2025-12-23,300,198.43,2026-01-10,2026-01-10,W001
PO01745,P104,S010,2025-01-27,450,151.27,2025-01-31,2025-01-31,W005
PO01746,P104,S010,2025-02-14,550,151.27,2025-02-18,2025-02-18,W005
PO01747,P104,S010,2025-03-04,450,151.27,2025-03-08,2025-03-08,W002
PO01748,P104,S010,2025-03-22,500,151.27,2025-03-26,2025-03-26,W005
PO01749,P104,S010,2025-04-09,400,151.27,2025-04-13,2025-04-13,W002
PO01750,P104,S010,2025-04-27,500,151.27,2025-05-01,2025-05-01,W002
PO01751,P104,S010,2025-05-15,550,151.27,2025-05-19,2025-05-19,W005
PO01752,P104,S010,2025-06-02,400,151.27,2025-06-06,2025-06-06,W005
PO01753,P104,S010,2025-06-20,450,151.27,2025-06-24,2025-06-24,W005
PO01754,P104,S010,2025-07-08,500,151.27,2025-07-12,2025-07-12,W005
PO01755,P104,S010,2025-07-26,450,151.27,2025-07-30,2025-07-30,W005
PO01756,P104,S010,2025-08-13,550,151.27,2025-08-17,2025-08-21,W005
PO01757,P104,S010,2025-08-31,550,151.27,2025-09-04,2025-09-04,W005
PO01758,P104,S010,2025-09-18,450,151.27,2025-09-22,2025-09-22,W004
PO01759,P104,S010,2025-10-06,650,151.27,2025-10-10,2025-10-10,W002
PO01760,P104,S010,2025-10-24,500,151.27,2025-10-28,2025-10-28,W005
PO01761,P104,S010,2025-11-11,550,151.27,2025-11-15,2025-11-15,W002
PO01762,P104,S010,2025-11-29,550,151.27,2025-12-03,2025-12-04,W005
PO01763,P104,S010,2025-12-17,400,151.27,2025-12-21,2025-12-23,W003
PO01764,P104,S010,2026-01-04,400,151.27,2026-01-08,2026-01-08,W001
PO01765,P105,S008,2025-01-20,500,230.72,2025-01-26,2025-01-26,W004
PO01766,P105,S008,2025-02-12,450,230.72,2025-02-18,2025-02-18,W004
PO01767,P105,S008,2025-03-07,450,230.72,2025-03-13,2025-03-13,W004
PO01768,P105,S017,2025-03-30,550,252.34,2025-04-04,2025-04-04,W001
PO01769,P105,S008,2025-04-22,450,230.72,2025-04-28,2025-04-28,W004
PO01770,P105,S017,2025-05-15,500,252.34,2025-05-20,2025-05-20,W004
PO01771,P105,S008,2025-06-07,450,230.72,2025-06-13,2025-06-15,W004
PO01772,P105,S017,2025-06-30,400,252.34,2025-07-05,2025-07-05,W004
PO01773,P105,S017,2025-07-23,450,252.34,2025-07-28,2025-07-28,W001
PO01774,P105,S008,2025-08-15,400,230.72,2025-08-21,2025-08-21,W004
PO01775,P105,S017,2025-09-07,350,252.34,2025-09-12,2025-09-13,W002
PO01776,P105,S008,2025-09-30,450,230.72,2025-10-06,2025-10-06,W002
PO01777,P105,S008,2025-10-23,450,230.72,2025-10-29,2025-10-29,W005
PO01778,P105,S008,2025-11-15,500,230.72,2025-11-21,2025-11-21,W004
PO01779,P105,S008,2025-12-08,500,230.72,2025-12-14,2025-12-14,W004
PO01780,P105,S017,2025-12-31,500,252.34,2026-01-05,2026-01-05,W004
PO01781,P106,S007,2025-01-21,600,48.48,2025-01-24,2025-01-24,W001
PO01782,P106,S007,2025-02-14,600,48.48,2025-02-17,2025-02-17,W003
PO01783,P106,S007,2025-03-10,800,48.48,2025-03-13,2025-03-13,W003
PO01784,P106,S007,2025-04-03,600,48.48,2025-04-06,2025-04-06,W001
PO01785,P106,S007,2025-04-27,800,48.48,2025-04-30,2025-04-30,W004
PO01786,P106,S007,2025-05-21,600,48.48,2025-05-24,2025-05-24,W005
PO01787,P106,S007,2025-06-14,600,48.48,2025-06-17,2025-06-17,W002
PO01788,P106,S007,2025-07-08,800,48.48,2025-07-11,2025-07-11,W004
PO01789,P106,S007,2025-08-01,800,48.48,2025-08-04,2025-08-04,W003
PO01790,P106,S007,2025-08-25,800,48.48,2025-08-28,2025-08-28,W001
PO01791,P106,S007,2025-09-18,600,48.48,2025-09-21,2025-09-21,W002
PO01792,P106,S007,2025-10-12,800,48.48,2025-10-15,2025-10-15,W003
PO01793,P106,S007,2025-11-05,800,48.48,2025-11-08,2025-11-08,W003
PO01794,P106,S007,2025-11-29,800,48.48,2025-12-02,2025-12-02,W001
PO01795,P106,S007,2025-12-23,800,48.48,2025-12-26,2025-12-29,W001
PO01796,P107,S016,2025-01-21,380,71.74,2025-01-24,2025-01-24,W003
PO01797,P107,S016,2025-02-15,470,71.74,2025-02-18,2025-02-18,W003
PO01798,P107,S016,2025-03-12,390,71.74,2025-03-15,2025-03-15,W002
PO01799,P107,S016,2025-04-06,390,71.74,2025-04-09,2025-04-10,W003
PO01800,P107,S016,2025-05-01,440,71.74,2025-05-04,2025-05-04,W003
PO01801,P107,S016,2025-05-26,280,71.74,2025-05-29,2025-05-29,W005
PO01802,P107,S016,2025-06-20,360,71.74,2025-06-23,2025-06-25,W001
PO01803,P107,S016,2025-07-15,440,71.74,2025-07-18,2025-07-18,W005
PO01804,P107,S016,2025-08-09,350,71.74,2025-08-12,2025-08-12,W003
PO01805,P107,S016,2025-09-03,380,71.74,2025-09-06,2025-09-06,W004
PO01806,P107,S016,2025-09-28,400,71.74,2025-10-01,2025-10-04,W003
PO01807,P107,S016,2025-10-23,410,71.74,2025-10-26,2025-10-28,W004
PO01808,P107,S016,2025-11-17,270,71.74,2025-11-20,2025-11-21,W003
PO01809,P107,S016,2025-12-12,390,71.74,2025-12-15,2025-12-15,W003
PO01810,P107,S016,2026-01-06,470,71.74,2026-01-09,2026-01-09,W003
PO01811,P108,S016,2025-01-22,600,62.85,2025-01-25,2025-01-25,W001
PO01812,P108,S014,2025-02-12,600,73.1,2025-03-04,2025-03-04,W003
PO01813,P108,S016,2025-03-05,600,62.85,2025-03-08,2025-03-08,W003
PO01814,P108,S014,2025-03-26,600,73.1,2025-04-15,2025-04-15,W001
PO01815,P108,S014,2025-04-16,600,73.1,2025-05-06,2025-05-06,W003
PO01816,P108,S016,2025-05-07,800,62.85,2025-05-10,2025-05-10,W001
PO01817,P108,S014,2025-05-28,600,73.1,2025-06-17,2025-06-17,W001
PO01818,P108,S016,2025-06-18,600,62.85,2025-06-21,2025-06-21,W003
PO01819,P108,S014,2025-07-09,600,73.1,2025-07-29,2025-07-29,W002
PO01820,P108,S014,2025-07-30,600,73.1,2025-08-19,2025-08-19,W003
PO01821,P108,S016,2025-08-20,800,62.85,2025-08-23,2025-08-23,W003
PO01822,P108,S016,2025-09-10,600,62.85,2025-09-13,2025-09-13,W003
PO01823,P108,S014,2025-10-01,600,73.1,2025-10-21,2025-10-21,W004
PO01824,P108,S014,2025-10-22,600,73.1,2025-11-11,2025-11-11,W003
PO01825,P108,S016,2025-11-12,600,62.85,2025-11-15,2025-11-15,W004
PO01826,P108,S016,2025-12-03,600,62.85,2025-12-06,2025-12-06,W005
PO01827,P108,S014,2025-12-24,400,73.1,2026-01-13,2026-01-13,W002
PO01828,P109,S008,2025-01-16,360,30.78,2025-01-22,2025-01-22,W004
PO01829,P109,S008,2025-02-06,320,30.78,2025-02-12,2025-02-21,W002
PO01830,P109,S008,2025-02-27,310,30.78,2025-03-05,2025-03-05,W002
PO01831,P109,S008,2025-03-20,400,30.78,2025-03-26,2025-03-27,W001
PO01832,P109,S015,2025-04-10,300,33.73,2025-04-15,2025-04-15,W003
PO01833,P109,S008,2025-05-01,340,30.78,2025-05-07,2025-05-07,W005
PO01834,P109,S015,2025-05-22,300,33.73,2025-05-27,2025-05-27,W001
PO01835,P109,S015,2025-06-12,320,33.73,2025-06-17,2025-06-17,W003
PO01836,P109,S015,2025-07-03,290,33.73,2025-07-08,2025-07-08,W002
PO01837,P109,S015,2025-07-24,430,33.73,2025-07-29,2025-07-29,W003
PO01838,P109,S008,2025-08-14,340,30.78,2025-08-20,2025-08-20,W001
PO01839,P109,S015,2025-09-04,310,33.73,2025-09-09,2025-09-09,W003
PO01840,P109,S008,2025-09-25,290,30.78,2025-10-01,2025-10-01,W003
PO01841,P109,S015,2025-10-16,390,33.73,2025-10-21,2025-10-21,W005
PO01842,P109,S008,2025-11-06,290,30.78,2025-11-12,2025-11-12,W005
PO01843,P109,S015,2025-11-27,400,33.73,2025-12-02,2025-12-05,W002
PO01844,P109,S008,2025-12-18,410,30.78,2025-12-24,2025-12-24,W003
PO01845,P109,S015,2026-01-08,280,33.73,2026-01-13,2026-01-13,W002
PO01846,P110,S003,2025-01-21,730,61.45,2025-01-26,2025-01-26,W001
PO01847,P110,S003,2025-02-15,610,61.45,2025-02-20,2025-02-20,W004
PO01848,P110,S017,2025-03-12,620,57.33,2025-03-17,2025-03-17,W003
PO01849,P110,S003,2025-04-06,870,61.45,2025-04-11,2025-04-11,W002
PO01850,P110,S014,2025-05-01,630,67.0,2025-05-21,2025-05-21,W003
PO01851,P110,S017,2025-05-26,770,57.33,2025-05-31,2025-05-31,W004
PO01852,P110,S003,2025-06-20,540,61.45,2025-06-25,2025-06-25,W003
PO01853,P110,S017,2025-07-15,770,57.33,2025-07-20,2025-07-20,W001
PO01854,P110,S017,2025-08-09,630,57.33,2025-08-14,2025-08-14,W002
PO01855,P110,S014,2025-09-03,620,67.0,2025-09-23,2025-09-23,W003
PO01856,P110,S003,2025-09-28,650,61.45,2025-10-03,2025-10-03,W002
PO01857,P110,S017,2025-10-23,570,57.33,2025-10-28,2025-10-28,W003
PO01858,P110,S017,2025-11-17,800,57.33,2025-11-22,2025-11-22,W002
PO01859,P110,S014,2025-12-12,670,67.0,2026-01-01,2026-01-01,W002
PO01860,P110,S017,2026-01-06,600,57.33,2026-01-11,2026-01-14,W003
PO01861,P111,S011,2025-01-30,40,54.9,2025-02-17,2025-02-17,W004
PO01862,P111,S011,2025-02-19,50,54.9,2025-03-09,2025-03-10,W004
PO01863,P111,S011,2025-03-11,50,54.9,2025-03-29,2025-04-08,W005
PO01864,P111,S011,2025-03-31,40,54.9,2025-04-18,2025-04-18,W005
PO01865,P111,S011,2025-04-20,50,54.9,2025-05-08,2025-05-15,W004
PO01866,P111,S011,2025-05-10,50,54.9,2025-05-28,2025-05-30,W005
PO01867,P111,S011,2025-05-30,50,54.9,2025-06-17,2025-06-17,W002
PO01868,P111,S011,2025-06-19,50,54.9,2025-07-07,2025-07-07,W001
PO01869,P111,S011,2025-07-09,50,54.9,2025-07-27,2025-07-27,W002
PO01870,P111,S011,2025-07-29,50,54.9,2025-08-16,2025-08-16,W002
PO01871,P111,S011,2025-08-18,40,54.9,2025-09-05,2025-09-13,W005
PO01872,P111,S011,2025-09-07,50,54.9,2025-09-25,2025-09-30,W005
PO01873,P111,S011,2025-09-27,50,54.9,2025-10-15,2025-10-15,W005
PO01874,P111,S011,2025-10-17,40,54.9,2025-11-04,2025-11-14,W005
PO01875,P111,S011,2025-11-06,50,54.9,2025-11-24,2025-11-25,W005
PO01876,P111,S011,2025-11-26,40,54.9,2025-12-14,2025-12-14,W003
PO01877,P111,S011,2025-12-16,40,54.9,2026-01-03,2026-01-11,W005
PO01878,P111,S011,2026-01-05,50,54.9,2026-01-23,2026-01-23,W001
PO01879,P112,S015,2025-01-21,400,34.1,2025-01-26,2025-01-26,W001
PO01880,P112,S015,2025-02-09,400,34.1,2025-02-14,2025-02-14,W001
PO01881,P112,S008,2025-02-28,400,31.75,2025-03-06,2025-03-06,W003
PO01882,P112,S010,2025-03-19,400,34.92,2025-03-23,2025-03-23,W005
PO01883,P112,S010,2025-04-07,400,34.92,2025-04-11,2025-04-11,W001
PO01884,P112,S008,2025-04-26,400,31.75,2025-05-02,2025-05-02,W004
PO01885,P112,S010,2025-05-15,400,34.92,2025-05-19,2025-05-19,W001
PO01886,P112,S008,2025-06-03,400,31.75,2025-06-09,2025-06-09,W001
PO01887,P112,S015,2025-06-22,400,34.1,2025-06-27,2025-06-27,W001
PO01888,P112,S015,2025-07-11,400,34.1,2025-07-16,2025-07-16,W005
PO01889,P112,S015,2025-07-30,400,34.1,2025-08-04,2025-08-04,W004
PO01890,P112,S010,2025-08-18,400,34.92,2025-08-22,2025-08-22,W001
PO01891,P112,S008,2025-09-06,400,31.75,2025-09-12,2025-09-12,W005
PO01892,P112,S010,2025-09-25,400,34.92,2025-09-29,2025-09-29,W005
PO01893,P112,S008,2025-10-14,400,31.75,2025-10-20,2025-10-20,W005
PO01894,P112,S010,2025-11-02,400,34.92,2025-11-06,2025-11-06,W003
PO01895,P112,S010,2025-11-21,400,34.92,2025-11-25,2025-11-25,W005
PO01896,P112,S008,2025-12-10,400,31.75,2025-12-16,2025-12-16,W001
PO01897,P112,S008,2025-12-29,400,31.75,2026-01-04,2026-01-04,W002
PO01898,P113,S010,2025-01-25,450,241.31,2025-01-29,2025-01-29,W002
PO01899,P113,S010,2025-02-17,450,241.31,2025-02-21,2025-02-21,W002
PO01900,P113,S010,2025-03-12,400,241.31,2025-03-16,2025-03-16,W001
PO01901,P113,S010,2025-04-04,400,241.31,2025-04-08,2025-04-08,W003
PO01902,P113,S010,2025-04-27,450,241.31,2025-05-01,2025-05-01,W005
PO01903,P113,S010,2025-05-20,500,241.31,2025-05-24,2025-05-24,W005
PO01904,P113,S010,2025-06-12,500,241.31,2025-06-16,2025-06-16,W005
PO01905,P113,S010,2025-07-05,450,241.31,2025-07-09,2025-07-11,W003
PO01906,P113,S010,2025-07-28,500,241.31,2025-08-01,2025-08-01,W003
PO01907,P113,S010,2025-08-20,500,241.31,2025-08-24,2025-08-24,W003
PO01908,P113,S010,2025-09-12,500,241.31,2025-09-16,2025-09-16,W002
PO01909,P113,S010,2025-10-05,550,241.31,2025-10-09,2025-10-09,W002
PO01910,P113,S010,2025-10-28,450,241.31,2025-11-01,2025-11-01,W001
PO01911,P113,S010,2025-11-20,400,241.31,2025-11-24,2025-11-24,W005
PO01912,P113,S010,2025-12-13,400,241.31,2025-12-17,2025-12-17,W001
PO01913,P113,S010,2026-01-05,350,241.31,2026-01-09,2026-01-09,W004
PO01914,P114,S016,2025-01-19,1600,6.86,2025-01-22,2025-01-22,W005
PO01915,P114,S016,2025-02-09,1400,6.86,2025-02-12,2025-02-14,W005
PO01916,P114,S016,2025-03-02,2200,6.86,2025-03-05,2025-03-05,W005
PO01917,P114,S016,2025-03-23,2000,6.86,2025-03-26,2025-03-26,W001
PO01918,P114,S016,2025-04-13,1800,6.86,2025-04-16,2025-04-16,W003
PO01919,P114,S016,2025-05-04,1800,6.86,2025-05-07,2025-05-07,W003
PO01920,P114,S016,2025-05-25,2200,6.86,2025-05-28,2025-05-28,W004
PO01921,P114,S016,2025-06-15,1600,6.86,2025-06-18,2025-06-18,W001
PO01922,P114,S016,2025-07-06,1600,6.86,2025-07-09,2025-07-10,W004
PO01923,P114,S016,2025-07-27,2200,6.86,2025-07-30,2025-07-30,W001
PO01924,P114,S016,2025-08-17,2200,6.86,2025-08-20,2025-08-28,W005
PO01925,P114,S016,2025-09-07,1400,6.86,2025-09-10,2025-09-10,W004
PO01926,P114,S016,2025-09-28,1800,6.86,2025-10-01,2025-10-01,W003
PO01927,P114,S016,2025-10-19,2000,6.86,2025-10-22,2025-10-22,W002
PO01928,P114,S016,2025-11-09,1400,6.86,2025-11-12,2025-11-12,W005
PO01929,P114,S016,2025-11-30,2200,6.86,2025-12-03,2025-12-05,W005
PO01930,P114,S016,2025-12-21,1800,6.86,2025-12-24,2025-12-25,W004
PO01931,P115,S003,2025-01-26,650,63.68,2025-01-31,2025-01-31,W005
PO01932,P115,S003,2025-02-18,600,63.68,2025-02-23,2025-02-23,W002
PO01933,P115,S003,2025-03-13,700,63.68,2025-03-18,2025-03-18,W002
PO01934,P115,S016,2025-04-05,600,64.45,2025-04-08,2025-04-08,W001
PO01935,P115,S016,2025-04-28,550,64.45,2025-05-01,2025-05-04,W002
PO01936,P115,S016,2025-05-21,800,64.45,2025-05-24,2025-05-24,W003
PO01937,P115,S003,2025-06-13,600,63.68,2025-06-18,2025-06-27,W003
PO01938,P115,S003,2025-07-06,550,63.68,2025-07-11,2025-07-11,W005
PO01939,P115,S016,2025-07-29,550,64.45,2025-08-01,2025-08-01,W003
PO01940,P115,S003,2025-08-21,600,63.68,2025-08-26,2025-08-26,W003
PO01941,P115,S003,2025-09-13,600,63.68,2025-09-18,2025-09-21,W003
PO01942,P115,S016,2025-10-06,600,64.45,2025-10-09,2025-10-11,W003
PO01943,P115,S003,2025-10-29,700,63.68,2025-11-03,2025-11-03,W003
PO01944,P115,S016,2025-11-21,550,64.45,2025-11-24,2025-11-24,W003
PO01945,P115,S003,2025-12-14,800,63.68,2025-12-19,2025-12-19,W005
PO01946,P115,S003,2026-01-06,750,63.68,2026-01-11,2026-01-11,W005
PO01947,P116,S019,2025-01-17,600,12.18,2025-01-28,2025-01-28,W004
PO01948,P116,S019,2025-02-06,500,12.18,2025-02-17,2025-02-17,W002
PO01949,P116,S020,2025-02-26,500,13.52,2025-03-13,2025-03-13,W001
PO01950,P116,S020,2025-03-18,500,13.52,2025-04-02,2025-04-04,W001
PO01951,P116,S019,2025-04-07,500,12.18,2025-04-18,2025-04-18,W001
PO01952,P116,S020,2025-04-27,500,13.52,2025-05-12,2025-05-12,W001
PO01953,P116,S020,2025-05-17,500,13.52,2025-06-01,2025-06-01,W003
PO01954,P116,S019,2025-06-06,500,12.18,2025-06-17,2025-06-17,W003
PO01955,P116,S020,2025-06-26,500,13.52,2025-07-11,2025-07-11,W003
PO01956,P116,S020,2025-07-16,500,13.52,2025-07-31,2025-07-31,W003
PO01957,P116,S020,2025-08-05,600,13.52,2025-08-20,2025-08-20,W001
PO01958,P116,S020,2025-08-25,600,13.52,2025-09-09,2025-09-09,W003
PO01959,P116,S019,2025-09-14,500,12.18,2025-09-25,2025-09-25,W001
PO01960,P116,S019,2025-10-04,600,12.18,2025-10-15,2025-10-15,W004
PO01961,P116,S019,2025-10-24,500,12.18,2025-11-04,2025-11-04,W001
PO01962,P116,S019,2025-11-13,500,12.18,2025-11-24,2025-11-25,W003
PO01963,P116,S019,2025-12-03,500,12.18,2025-12-14,2025-12-14,W001
PO01964,P116,S019,2025-12-23,600,12.18,2026-01-03,2026-01-03,W003
PO01965,P117,S016,2025-01-23,1225,194.89,2025-01-26,2025-01-26,W002
PO01966,P117,S016,2025-02-15,1525,194.89,2025-02-18,2025-02-20,W003
PO01967,P117,S016,2025-03-10,1400,194.89,2025-03-13,2025-03-13,W002
PO01968,P117,S016,2025-04-02,1550,194.89,2025-04-05,2025-04-14,W001
PO01969,P117,S016,2025-04-25,1150,194.89,2025-04-28,2025-04-28,W001
PO01970,P117,S016,2025-05-18,1375,194.89,2025-05-21,2025-05-21,W002
PO01971,P117,S016,2025-06-10,1175,194.89,2025-06-13,2025-06-15,W001
PO01972,P117,S016,2025-07-03,1350,194.89,2025-07-06,2025-07-06,W003
PO01973,P117,S016,2025-07-26,1050,194.89,2025-07-29,2025-07-29,W004
PO01974,P117,S016,2025-08-18,1100,194.89,2025-08-21,2025-08-21,W003
PO01975,P117,S016,2025-09-10,1275,194.89,2025-09-13,2025-09-14,W001
PO01976,P117,S016,2025-10-03,1225,194.89,2025-10-06,2025-10-06,W004
PO01977,P117,S016,2025-10-26,1450,194.89,2025-10-29,2025-10-31,W002
PO01978,P117,S016,2025-11-18,1525,194.89,2025-11-21,2025-11-21,W001
PO01979,P117,S016,2025-12-11,1300,194.89,2025-12-14,2025-12-14,W005
PO01980,P117,S016,2026-01-03,1050,194.89,2026-01-06,2026-01-06,W003
PO01981,P118,S018,2025-01-16,1000,156.04,2025-02-03,2025-02-03,W004
PO01982,P118,S014,2025-02-04,1000,181.49,2025-02-24,2025-02-24,W003
PO01983,P118,S018,2025-02-23,1000,156.04,2025-03-13,2025-03-13,W005
PO01984,P118,S018,2025-03-14,1200,156.04,2025-04-01,2025-04-01,W003
PO01985,P118,S018,2025-04-02,1000,156.04,2025-04-20,2025-04-20,W004
PO01986,P118,S014,2025-04-21,800,181.49,2025-05-11,2025-05-11,W003
PO01987,P118,S018,2025-05-10,800,156.04,2025-05-28,2025-05-28,W003
PO01988,P118,S018,2025-05-29,1000,156.04,2025-06-16,2025-06-17,W003
PO01989,P118,S018,2025-06-17,1000,156.04,2025-07-05,2025-07-05,W004
PO01990,P118,S018,2025-07-06,1000,156.04,2025-07-24,2025-07-24,W003
PO01991,P118,S014,2025-07-25,1200,181.49,2025-08-14,2025-08-14,W003
PO01992,P118,S014,2025-08-13,1000,181.49,2025-09-02,2025-09-02,W003
PO01993,P118,S014,2025-09-01,1000,181.49,2025-09-21,2025-09-24,W003
PO01994,P118,S014,2025-09-20,800,181.49,2025-10-10,2025-10-10,W001
PO01995,P118,S018,2025-10-09,1000,156.04,2025-10-27,2025-10-27,W001
PO01996,P118,S018,2025-10-28,1000,156.04,2025-11-15,2025-11-15,W003
PO01997,P118,S018,2025-11-16,800,156.04,2025-12-04,2025-12-04,W002
PO01998,P118,S018,2025-12-05,1000,156.04,2025-12-23,2025-12-23,W003
PO01999,P118,S018,2025-12-24,1000,156.04,2026-01-11,2026-01-11,W003
PO02000,P119,S007,2025-01-26,520,197.54,2025-01-29,2025-01-29,W002
PO02001,P119,S007,2025-02-15,470,197.54,2025-02-18,2025-02-18,W004
PO02002,P119,S007,2025-03-07,510,197.54,2025-03-10,2025-03-10,W004
PO02003,P119,S007,2025-03-27,520,197.54,2025-03-30,2025-03-30,W003
PO02004,P119,S007,2025-04-16,440,197.54,2025-04-19,2025-04-19,W003
PO02005,P119,S007,2025-05-06,490,197.54,2025-05-09,2025-05-09,W003
PO02006,P119,S007,2025-05-26,470,197.54,2025-05-29,2025-05-29,W003
PO02007,P119,S007,2025-06-15,500,197.54,2025-06-18,2025-06-18,W005
PO02008,P119,S007,2025-07-05,380,197.54,2025-07-08,2025-07-08,W003
PO02009,P119,S007,2025-07-25,500,197.54,2025-07-28,2025-08-06,W003
PO02010,P119,S007,2025-08-14,540,197.54,2025-08-17,2025-08-17,W003
PO02011,P119,S007,2025-09-03,570,197.54,2025-09-06,2025-09-06,W003
PO02012,P119,S007,2025-09-23,410,197.54,2025-09-26,2025-09-26,W004
PO02013,P119,S007,2025-10-13,560,197.54,2025-10-16,2025-10-16,W003
PO02014,P119,S007,2025-11-02,380,197.54,2025-11-05,2025-11-05,W003
PO02015,P119,S007,2025-11-22,390,197.54,2025-11-25,2025-11-25,W002
PO02016,P119,S007,2025-12-12,620,197.54,2025-12-15,2025-12-15,W001
PO02017,P119,S007,2026-01-01,530,197.54,2026-01-04,2026-01-04,W005
PO02018,P120,S009,2025-01-29,1175,5.95,2025-02-07,2025-02-07,W004
PO02019,P120,S009,2025-02-23,1100,5.95,2025-03-04,2025-03-04,W005
PO02020,P120,S002,2025-03-20,1150,5.99,2025-03-30,2025-03-30,W005
PO02021,P120,S009,2025-04-14,900,5.95,2025-04-23,2025-04-23,W005
PO02022,P120,S009,2025-05-09,1075,5.95,2025-05-18,2025-05-18,W004
PO02023,P120,S009,2025-06-03,1200,5.95,2025-06-12,2025-06-12,W004
PO02024,P120,S009,2025-06-28,975,5.95,2025-07-07,2025-07-07,W001
PO02025,P120,S002,2025-07-23,1425,5.99,2025-08-02,2025-08-02,W001
PO02026,P120,S009,2025-08-17,1075,5.95,2025-08-26,2025-08-27,W002
PO02027,P120,S009,2025-09-11,1050,5.95,2025-09-20,2025-09-20,W005
PO02028,P120,S002,2025-10-06,1375,5.99,2025-10-16,2025-10-16,W002
PO02029,P120,S002,2025-10-31,1075,5.99,2025-11-10,2025-11-10,W005
PO02030,P120,S002,2025-11-25,1025,5.99,2025-12-05,2025-12-05,W004
PO02031,P120,S002,2025-12-20,775,5.99,2025-12-30,2026-01-03,W001
